,name,date_post,plays,likes,reposts,genre
0,B·ªánh c·ªßa anh - Kh√≥i x Two,24 December 2015,"4,611,021",37.1K,"3,228",vietdreamerz
1,Mystery,2 November 2018,"58,847",662,50,Alternative Rock
2,feeling warm in the rain,3 June 2019,"19,276",331,25,Chillhop
3,Co Em Doi Bong Vui Chillies Official Video,7 February 2020,"420,368","2,812",95,Pop
4,Love Song- Lana Del Rey,8 September 2019,"33,867",797,10,Indie
5,Chi·ªÅu t√≠m - da/md,21 October 2019,"251,384","2,778",150,Hip-hop & Rap
6,t√¨nh ƒë·∫Øng nh∆∞ ly c√† ph√™ - n√¢n. v√† Ng∆°,1 April 2018,"8,975,102",97.7K,"5,038",R&B & Soul
7,ANH KH√îNG TH·ªÄ G√å ƒê√ÇU ANH L√ÄM. #AKTGƒê - PH√öC DU,14 February 2019,"6,290,970",53K,"2,032",None
8,Killic x D.Blue - Ch·ªâ C√≤n Ta V√† Ta Gi·ªØa Tr·ªùi (Prod. by Plantplantworld) [Official Audio],5 June 2020,"6,211,011",57.2K,"1,634",Hip-hop & Rap
9,Ai bi·∫øt - WEAN,1 September 2019,"6,528,775",58.9K,"1,954",None
10,H√† N·ªôi ƒê√™m M∆∞a ( NG∆† & Nclownz & JASON ),23 March 2018,"620,214","7,016",448,Neo-Soul
11,NG∆† - C√ì L·∫º FT. L A K E (PROD. BY MINHTHAI),16 April 2019,"679,403","8,341",370,Pop
12,"FACETIME CALL - LOPE PHAM, HAI SAM",7 March 2019,"327,901","2,347",109,R&B & Soul
13,Par SG ft. Vu Thanh Van - Instagram (CM1X & FUJISHEN Remix),15 May 2020,"113,424","1,154",42,mood
14,DISTANCE - ERICthe17 (Prod.BuiVanNgan),19 April 2020,"90,597",713,22,Hip-hop & Rap
15,B·ªëp - Winno (Reply Zuyngusi),4 December 2020,"71,639",615,22,Hip-hop & Rap
16,IS - Prod. Ozee,11 December 2020,"8,762",118,6,None
17,"Noi di Em (feat. K-TLE, Lil Benny & Ozee Kxng)",10 June 2020,"86,333","1,080",75,Alternative
18,DARKSTAR - œÇ—í‡πÄ—î≈¶ (featuring ‚òÖY–¶–üGB”®‚òÖ),11 December 2020,"10,013",211,18,Trap
19,Lonely (Prod. by Ozee'Kxng),5 February 2021,276,41,30,Hip-hop & Rap
20,Em 20 - Winno,3 December 2020,"2,412,301",18.9K,None,None
21,Fancy - Winno (prod.aloha),29 March 2020,"1,582,310",13.5K,None,None
22,Hai T√°m B·ªën - Winno,3 May 2018,"1,545,356",10K,452,Hip-hop & Rap
23,Tell Ur Mom II - Winno (ft Heily),18 June 2021,"1,755,932",26.2K,663,Piano
24,M√πa Xu√¢n Cu·ªëi C√πng - Riet x Winno x Joe,12 March 2018,"45,399",442,31,Hip-hop & Rap
25,ùïÆùñîùñëùñîùñó ùñÅùñéùñáùñäùñò 01 * Khong Gian Cau - Dewie,21 March 2021,"130,717","2,256",None,None
26,XANGUTNGAN,5 May 2021,"348,232","5,142",None,None
27,KARMA ft. Young Milo aka Tommy T√®o,22 May 2021,"93,294","1,622",59,Vietnamese Flow
28,EMDIVOIAI? - ritdee x kaybi x chief,20 April 2019,"165,585","1,654",72,Hip-hop & Rap
29,Young Bo5 + Littgurl - *Sheis * ( Ft. LVK & Ritdee),31 August 2020,"228,048","2,990",191,MASTER502
30,Martin Garrix & David Guetta - So Far Away (feat. Jamie Scott & Romy Dya),1 December 2017,"3,085,500",39.8K,None,Dance & EDM
31,Axel Johansson ¬¶ Alan Walker - The River,25 December 2017,"40,695",360,23,Pop
32,I Took A Pill In Ibiza,24 March 2016,"4,708,576",56.9K,"3,912",Ambient
33,Best Acoustic Covers Of Popular Songs,3 January 2017,"69,737","1,232",22,None
34,B√†i ca tu·ªïi tr·∫ª - JGKiD Ft Emcee L KraziNoyze,25 June 2016,"182,612","1,228",142,None
35,Night 17,27 January 2013,"6,862,231",95.5K,"4,038",25 Nights For Nujabes
36,[DCOD] NGTANOISE (Ng∆∞·ªùi ta n√≥i - remake) | VSOUL x MFREE x TUYEN VO|,16 July 2019,"5,044,440",44.1K,"1,291",None
37,URABE X VOVANDUC - ƒê·∫£o Qua C√°c ƒê∆∞·ªùng,6 May 2020,"4,072",54,1,Hip-hop & Rap
38,WESTSIDE ORIGINAL ‚Äì WESTSIDE ARTIST ( Prod V ),28 January 2020,"152,692","1,194",34,None
39,Rick - Battle God,25 April 2019,"151,140",895,45,Hip-hop & Rap
40,"Stay (w/ prettyxix, hairan) (prod.Taku/9)",14 January 2019,"199,798","2,859",225,R&B & Soul
41,Thi√™n ƒê∆∞·ªùng - LK Ft. Binz ( LadyKillah Entertainment ),11 February 2015,"7,803",53,4,LK
42,"C√¥ ƒê∆°n Vcl - T.R.I Featuring Negav , Orange - Official Mv -CODONVCL-",12 December 2019,"545,202","4,953",128,None
43,Ng√†y Ch·ªù Th√°ng Nh·ªõ NƒÉm Th∆∞∆°ng - OSAD,28 August 2019,"278,769","1,786",51,Pop
44,S·ªëng Cho H·∫øt ƒê·ªùi Thanh Xu√¢n 2 - BCTM x TNS,13 December 2019,"1,765,084",16.5K,664,Hip-hop & Rap
45,"Tripper (ft Rube,DunkT)",2 May 2020,"159,136","1,645",59,Hip-hop & Rap
46,"orei - anh khong muon bat cong voi em (ft. rdee, 1liedkid)",21 August 2020,"387,104","5,027",273,Hip-hop & Rap
47,OTD Gang - Ricky Star x LƒÉng LD x Ho√†ng Highkey,28 August 2019,"119,900",897,38,Hip-hop & Rap
48,16 BeanCD - Qu√™n x Rehtona,23 July 2018,"145,017","1,305",80,None
49,night city ft. tobie,24 October 2020,"1,074,706",15.1K,614,my rocky
50,"LOOP - Coldzy (feat. TO$KA, Left Hand)",6 December 2019,"1,176,264",11.7K,461,Pop
51,Th·ªù er (remix) - 16 BrT ft MCK Prod by Snowz,8 October 2020,"1,297,812",10.1K,260,None
52,Tommy T√®o - yongboi si t√¨nh mu·ªën 1 m√¨nh th√™m 1 ƒë√™m n·ªØa th√¥i,14 February 2021,"934,525","8,472",443,None
53,No L/Ch·∫≥ng gi·ªëng gi√°ng sinh (remake) - MCK prod. datfitzx,24 December 2020,"2,150,533",13.3K,487,R&B & Soul
54,ƒë∆°n c√¥i - ROBE /SUPOSED TO (Prod by soju ) ( HQ ),14 November 2019,"185,103","2,298",83,Hip-hop & Rap
55,Tell Ur Mom II - Winno (ft Heily),18 June 2021,"1,756,013",26.2K,663,Piano
56,X√≠ch Th√™m Ch√∫t - RPT Groovie ft TLinh x RPT MCK,18 April 2021,"2,779,953",27.9K,595,None
57,Rapitalove EP| Tay To - RPT MCK x RPT PhongKhin (Prod. by RPT PhongKhin),6 April 2021,"7,680,206",71.5K,"2,527",R&B & Soul
58,Fancy - Winno (prod.aloha),29 March 2020,"1,582,315",13.5K,None,None
59,Em 20 - Winno,3 December 2020,"2,412,308",18.9K,None,None
60,C√°t Chi Freestyle ft HUSTLANG Heily,19 April 2021,"49,694",727,28,Hip-hop & Rap
61,HUSTLANG Robber - Remember,19 April 2021,"34,741",624,26,Hip-hop & Rap
62,Em 20 - Winno,3 December 2020,"2,412,309",18.9K,None,None
63,No Idea,30 May 2019,"48,594,182",690K,12.1K,R&B & Soul
64,ƒê∆†N C√îI FT SOULJU,19 April 2021,"216,319","2,972",86,Hip-hop & Rap
65,Goosebumps - Travis Scott,2 November 2017,"24,144,156",340K,"5,256",None
66,üíñ Roderick Porter - Baby (feat. Coasting)üíñ,17 November 2019,"600,688","9,891",339,Indie
67,Travis Scott - Highest In The Room - slowed + Reverb,6 October 2019,"2,692,614",50.4K,571,Hip-hop & Rap
68,Mariposa (Acoustic),18 July 2020,"357,432","7,684",119,Pop
69,Berlin,31 January 2020,"11,363,647",88.9K,"2,437",Pop
70,1nG x Killic ‚Äì Nh∆∞ Ch·∫≥ng Th·ªÉ Qu√™n ƒêi Khi L·ª° Y√™u R·ªìi,6 January 2020,"858,970","8,359",256,NCTQDKLYR
71,c√≥ ƒë√∫ng kh√¥ng em,18 May 2019,"299,482","4,140",262,Indie
72,T·ª± T√¨nh - Quang Huy (Minh Tri·ªÅu st.),7 July 2019,"1,456,798",14.6K,480,Indie
73,HS ROBE - FORREST GUMP (UNOFFICIAL),14 September 2020,"739,247","8,040",293,Hip-hop & Rap
74,FORREST GUMP - HUSTLANG RECORD (unofficial version),3 October 2020,"163,887","1,762",57,Entertainment
75,Tommy T√®o - yongboi si t√¨nh mu·ªën 1 m√¨nh th√™m 1 ƒë√™m n·ªØa th√¥i,14 February 2021,"934,525","8,472",443,None
76,"LOOP - Coldzy (feat. TO$KA, Left Hand)",6 December 2019,"1,176,269",11.7K,461,Pop
77,T√†n Bay - Venos x Yellowa ft. TapoNguyen (Prod by Lug Soda),8 March 2019,"200,210","1,705",76,Hip-hop & Rap
78,PSYCHO - YellowA ft. Maos (Cassette ƒê·ªè) Prod by YellowA,20 August 2019,"28,772",404,12,Hip-hop & Rap
79,Bring About Emotion (B.A.E)-Groza_Sikdy,10 July 2019,"3,450",57,1,R&B & Soul
80,[DCOD] NGTANOISE (Ng∆∞·ªùi ta n√≥i - remake) | VSOUL x MFREE x TUYEN VO|,16 July 2019,"5,044,495",44.1K,"1,291",None
81,MCK - Stupid Rich Man | THE BOX SHOW,30 August 2020,"1,715,169",13.3K,311,None
82,LAVIAI (REMIX) ft. HIEUTHUHAI & 2PILLZ,24 March 2020,"1,560,240",16.4K,698,Alternative Rock
83,Can You Hear Me ? - PJPO x SOL,10 November 2018,"296,012","2,196",71,None
84,L√†m Ngay H√¥m Nay (#LNHN) - RPT Orijinn x RPT Duke x RPT MCK,20 August 2020,"3,172,063",17.9K,564,Hip-hop & Rap
85,Tell Ur Mom II - Winno (ft Heily),18 June 2021,"1,756,097",26.2K,663,Piano
86,L√ÄM G√å C√ì AI CHIA TAY M√Ä VUI Ng·∫Øn & Ng·ªçc Dolil ƒê√† L·∫°t Ep4,13 June 2021,"182,081","2,278",48,None
87,IKIGUYZ ~ ROBE HUSTLANG,12 June 2021,"110,405","1,618",41,None
88,FORREST GUMP - HUSTLANG RECORD (unofficial version),3 October 2020,"163,887","1,762",57,Entertainment
89,Thanh Draw - Why So Dep RAPVIET (TRUNG HIEU Edit),16 October 2020,"61,984",656,113,House
90,t√™i t√™i h∆∞ h∆∞,8 September 2020,"547,418","8,623",325,None
91,ch·ªãu ƒë·∫•y ch·∫£ bi·∫øt n√≥i g√¨.,16 November 2020,"192,851","3,475",121,Trap
92,With Chu - Word ft. HD,5 July 2018,"226,603","2,465",159,Trap
93,ecstacy (groovie l√£ th·∫Øng) remake demo - tlinh (prod. by yusei),15 January 2021,"411,179","5,275",245,None
94,üåû,18 October 2017,"1,684,037",18.8K,"1,186",None
95,V∆∞∆°ng (offical),26 May 2018,"1,648,309",18.4K,996,Indie
96,H√ÄNH TINH BU·ªíN T√äNH - ERICthe17 ft. JAYSON LEI [prod. JAYDEN],2 May 2021,"76,439",945,35,Hip-hop & Rap
97,fishy ft Tr√≠ D≈©ng - Forget me now,12 April 2021,"1,495,005",17K,550,Pop
98,T·ª± T√¨nh - Quang Huy (Minh Tri·ªÅu st.),7 July 2019,"1,456,799",14.6K,480,Indie
99,M·∫∂C K·ªÜ EM (ƒê√¢y l√† m·ªôt b√†i h√°t ƒë∆°n gi·∫£n) | JOEY,27 April 2020,"1,098",21,1,R&B & Soul
100,LUFFY/19 - Chiulinh ft. Robe (Available on Spotify),7 January 2020,"1,108,644",12.1K,401,None
101,HS ROBE - FORREST GUMP (UNOFFICIAL),14 September 2020,"739,250","8,040",293,Hip-hop & Rap
102,SAY NO - YUNO BIGBOI ft ROBE (UNOFFICIAL),20 January 2021,"674,224","6,192",125,None
103,[DCOD] NGTANOISE (Ng∆∞·ªùi ta n√≥i - remake) | VSOUL x MFREE x TUYEN VO|,16 July 2019,"5,044,516",44.1K,"1,291",None
104,VSOUL Live -C√¥ ƒê∆°n Ph∆∞∆°ng N√†o - VSOUL- Rap Session #16,7 November 2020,"402,431","3,531",103,Pop
105,[Official MP3] Loay Hoay - Sol Ft. P.Shi,19 June 2017,"329,714","2,706",127,None
106,PAR SG x New$oulZ - Ly Do Nao De Quay Lai Voi Nhau,2 March 2018,"3,881,221",36.5K,"1,898",None
107,PAR SG - instagram ft. V≈© Thanh V√¢n (Prod. by east),12 February 2020,"1,667,745",15.7K,455,None
108,TOFU x URABE x XESI - Qua Nh·ªØng Ti·∫øng Ve ft VoVanDuc,31 May 2017,"1,229,001","9,607",806,Rap & HipHop
109,"Th√¥i Tr·ªÖ R·ªìi, Ch·∫Øc Anh Ph·∫£i V·ªÅ ƒê√¢y - TeA &. PC",15 March 2020,"193,674","2,093",47,None
110,TIN ANH T·ª™ ƒê·∫¶U - Dejavu feat. Judy Mai | Prod. by Sony Tran,26 June 2020,"1,393,299","4,813",69,Pop
111,Rebound (feat. tlinh),5 January 2020,"2,173,565",18.8K,569,R&B & Soul
112,"""BAD THINGS"" - Riddy x tranmai x Luck (prod. by wavytrb)",16 August 2020,"101,977",682,13,None
113,WEAN - MOT NGUOI VI EM |ACOUSTIC|,8 October 2020,"431,224","2,166",41,Hip-hop & Rap
114,internet love,19 September 2020,"3,342,041",43.7K,"1,567",ƒë·ªë bi·∫øt
115,Tell Ur Mom II - Winno (ft Heily),18 June 2021,"1,756,182",26.2K,663,Piano
116,Tell Ur Mom II - Winno (ft Heily),18 June 2021,"1,756,186",26.2K,663,Piano
117,Tell Ur Mom - B·ªáu x Winno ( Prod by Ocean Beats ),9 January 2019,"249,913","2,350",133,Kewt
118,Tommy T√®o - yongboi si t√¨nh mu·ªën 1 m√¨nh th√™m 1 ƒë√™m n·ªØa th√¥i,14 February 2021,"934,527","8,472",443,None
119,LUFFY/19 - Chiulinh ft. Robe (Available on Spotify),7 January 2020,"1,108,646",12.1K,401,None
120,FORREST GUMP - HUSTLANG RECORD (unofficial version),3 October 2020,"163,888","1,762",57,Entertainment
121,Em 20 - Winno,3 December 2020,"2,412,327",18.9K,None,None
122,'tim em ko k√≥ m·ªôt ƒë∆∞·ªùng n√†o' - Winno (ft Heily),22 August 2020,"1,956,581",14K,None,None
123,Sony Tran - Attention ft. Zuy & VSoul [OFFICLA AUDIO],7 February 2021,"403,809","4,158",133,hiphop rnb
124,Rapitalove EP| Tay To - RPT MCK x RPT PhongKhin (Prod. by RPT PhongKhin),6 April 2021,"7,680,245",71.5K,"2,527",R&B & Soul
125,Tell Ur Mom II - Winno (ft Heily),18 June 2021,"1,756,216",26.2K,663,Piano
126,üéÑLast ChristmasüéÑ-Vsoul ft. Robe & Chiulinh,26 December 2020,"78,568",991,24,Hip-hop & Rap
127,"REX - 5050 Remix (feat HURRYKNG, MANBO, HIEUTHUHAI)",28 April 2021,"390,696","3,316",60,Hip-hop & Rap
128,Moonlight Romance,11 October 2018,"221,477","4,613",160,beats
129,my yoshi,9 September 2019,"260,882","3,138",95,Pop
130,Tadow Ft. FKJ,7 September 2018,"1,213,850",25.8K,"1,101",None
131,"""RAIN"" ~ Lo-fi Type Beat, Chiil Emotional Guitar, LoFi Hip Hop Instrumental 2019 2020",16 December 2019,"85,075","1,676",None,Hip-hop & Rap
132,[Copyright Locked] Chill Lofi Hiphop - 'I Need A Girl' by l33,5 May 2019,"637,421","9,413",480,Lofi
133,ƒê·∫æN R·ªíI L·∫†I ƒêI,11 August 2019,"1,061,206","9,341",356,R&B & Soul
134,LUFFY/19 - Chiulinh ft. Robe (Available on Spotify),7 January 2020,"1,108,646",12.1K,401,None
135,LIFE GOES ON - KEY X PJNBOYS X P$MALL,8 March 2020,"77,026",564,18,Hip-hop & Rap
136,HIEUTHUHAI x HURRYKNG - LAVIAI (produced by Tundra Beats),25 December 2019,"488,166","4,749",217,Hip-hop & Rap
137,5 nam,6 June 2013,"528,993","3,364",307,Rap Hiphop
138,ƒêen - ƒêi Theo B√≥ng M·∫∑t Tr·ªùi ft Giang Nguy·ªÖn,14 May 2017,"3,541,544",33.4K,"2,353",Hip-hop & Rap
139,H√† N·ªôi C·ªßa B·ªë - JGKID Ft. Emcee L Ft. KraziNoyze,26 May 2016,"1,346",7,1,None
140,Chua bao gio Full,6 June 2012,"1,868,403",14.1K,"1,164",Vietrap
141,Lam Deo Gi,13 June 2013,"1,115,913","8,768","1,059",Hiphop
142,Bumblr Bee ft. TO$KA,24 August 2018,"381,684","4,285",273,Trapwaii
143,Tommy T√®o - yongboi si t√¨nh mu·ªën 1 m√¨nh th√™m 1 ƒë√™m n·ªØa th√¥i,14 February 2021,"934,530","8,472",443,None
144,Phin - 99999 ƒë√≥a h·ªìng,24 January 2021,"499,849","6,248",302,Alternative Rock
145,SUY - nger,16 September 2020,"877,640","8,259",190,None
146,Thu·ªëc L√° V√† C√† Ph√™ - Bray,18 July 2018,"1,687,117",11.5K,474,None
147,Tell Ur Mom - B·ªáu x Winno ( Prod by Ocean Beats ),9 January 2019,"249,913","2,351",133,Kewt
148,Tell Ur Mom II - Winno (ft Heily),18 June 2021,"1,756,287",26.2K,663,Piano
149,muon duoc cung em & mat troi cua em-FREAKY X Ph√°o X QU·ª≤NH GAI,8 November 2020,"2,340,847",13.9K,258,muonduoccungem
150,"ALL TIME WINNER - Coldzy (feat. Wxrdie, Right, Gill)",21 September 2019,"472,297","5,991",242,Hip-hop & Rap
151,FORREST GUMP - HUSTLANG RECORD (unofficial version),3 October 2020,"163,889","1,762",57,Entertainment
152,ƒê·∫æN R·ªíI L·∫†I ƒêI,11 August 2019,"1,061,207","9,341",356,R&B & Soul
153,"SMO - B√∫a ƒêi ft (Lilwuyn , Khoa Wzzzy , CAM , Datmaniac , Ricky Star , Seachains)",19 January 2020,"496,094","5,111",175,Hip-hop & Rap
154,95G ( SMO X Lilwuyn X Khoa Wzzzy X NVM ) - UP - Ft Kimmese Official Video,8 January 2019,"35,420",348,13,Hip-hop & Rap
155,y2mate.com - H·∫° C√≤n V∆∞∆°ng N·∫Øng Lofi Ver Lyrics DATKAA x KIDO TrucTran MC,10 April 2021,"97,255",761,24,None
156,ùëÆùíäùíÇÃÇùíö ùíëùíâùíñÃÅùíï ùíÇÃÇÃÅùíö - ùë®ùíèùíïùíÇùíìùíõ(Lofi by Hyarsways),3 February 2021,"3,356",40,5,R&B & Soul
157,anh s·∫Ω t√°n n√†ng /Tay To/MCK. /manhjj,15 April 2021,"53,938",471,15,Hip-hop & Rap
158,√îNG TR·ªúI L√ÄM T·ªòI ANH CH∆ØA H∆∞∆°ng T√∫ X Khu ƒê√¨nh Cover,18 March 2021,"13,900",127,5,None
159,Cu·ªôc ƒë·ªùi kh√°c ! - TR√ç x Poll,5 January 2020,"420,395","4,480",142,Hip-hop & Rap
160,"Level Up - Terry Ft. Ricky Star, Lil Wuyn, Robe ( Official Audio )",15 August 2019,"2,076,557",18.5K,630,Hip-hop & Rap
161,LUFFY/19 - Chiulinh ft. Robe (Available on Spotify),7 January 2020,"1,108,646",12.1K,401,None
162,w a t e r - Robe x Sol,18 December 2016,"227,055","1,950",126,Hip-hop & Rap
163,R - $ide ( prod by Soulju ) ft Robe,2 February 2019,"177,486","2,138",182,None
164,PULL UP - ROBE (DCOD),12 June 2020,"146,491","1,557",40,None
165,Raindrop (prod. Tuy√™n V√µ) - Sol x Pjnboys,11 September 2018,"339,146","3,369",162,DCOD
166,Rapitalove EP| Tay To - RPT MCK x RPT PhongKhin (Prod. by RPT PhongKhin),6 April 2021,"7,680,276",71.5K,"2,527",R&B & Soul
167,"L∆∞·ªùiii üç≥ | Low G, Ska, tlinh",30 April 2019,"418,939","5,436",308,Hip-hop & Rap
168,"Tripper (ft Rube,DunkT)",2 May 2020,"159,137","1,645",59,Hip-hop & Rap
169,Japan (Prod. @JGramm),16 March 2018,"95,151,120",1.09M,40.3K,Hip-hop & Rap
170,n√≥y y·ªëi - jimmi ng·ªßy√™n x michael h∆∞ ƒë·ªën (video lyric below),28 December 2020,"129,065","1,797",52,R&B & Soul
171,IMPH√äTAMIN - jimmi ng·ªß y√™n,12 November 2020,"464,905","5,719",264,IMPH√äTAMIN
172,Rapitalove EP| Tay To - RPT MCK x RPT PhongKhin (Prod. by RPT PhongKhin),6 April 2021,"7,680,276",71.5K,"2,527",R&B & Soul
173,D·∫°y T√¥i C√°ch Y√™u-tlinh,8 February 2021,"216,904","2,644",82,Indie
174,üéÑLast ChristmasüéÑ-Vsoul ft. Robe & Chiulinh,26 December 2020,"78,569",991,24,Hip-hop & Rap
175,Tell Ur Mom II - Winno (ft Heily),18 June 2021,"1,756,360",26.2K,663,Piano
176,Em 20 - Winno,3 December 2020,"2,412,338",18.9K,None,None
177,'tim em ko k√≥ m·ªôt ƒë∆∞·ªùng n√†o' - Winno (ft Heily),22 August 2020,"1,956,590",14K,None,None
178,Fancy - Winno (prod.aloha),29 March 2020,"1,582,324",13.5K,None,None
179,Hai T√°m B·ªën - Winno,3 May 2018,"1,545,365",10K,452,Hip-hop & Rap
180,Th∆∞∆°ng - Minhmeo,10 March 2016,"225,394","2,146",290,R&B & Soul
181,Ph√πng Kh√°nh Linh - Tr√™n √î C·ª≠a M√°y Bay (Original Song),7 June 2018,"499,179","5,244",None,Pop
182,Th√¨ Th√¥i - Reddy,29 April 2018,"2,672,504",22.8K,842,None
183,GRAY (ft. Loco) - Just Do It (ÌïòÍ∏∞ÎÇò Ìï¥),10 December 2015,"1,310,126",15.4K,617,k-hiphop
184,TO$KA x $ATIVA - HOA S·ªÆA,27 October 2018,"1,066,233",10.1K,627,R&B & Soul
185,room 808 hnhngan,2 October 2019,"625,050","5,394",147,None
186,WEAN - She Said ( Official Lyric Video ) ft. NAOMI,7 October 2018,"4,991,710",43.9K,"1,991",Hip-hop & Rap
187,Anh Bi·∫øt Em C≈©ng Bi·∫øt - Ng∆° X Ng√¢n,7 September 2019,"1,626,720",14.4K,499,None
188,Colde (ÏΩúÎìú) - ÏôÄÎ•¥Î•¥ ‚ô•,31 May 2019,"877,532",13.7K,192,R&B & Soul
189,Location - Khalid,2 April 2017,"4,091,212",58.3K,"1,184",R&B & Soul
190,Îîò (DEAN) - instagram (Ïù∏Ïä§ÌÉÄÍ∑∏Îû®),3 January 2018,"5,836,941",86.5K,"2,948",None
191,Ai bi·∫øt - WEAN,1 September 2019,"6,528,801",58.9K,"1,954",None
192,vi·∫øt v·ªÅ y√™u xa - ft ƒëƒÉng rƒÉng to,29 March 2019,"1,686,003",19.2K,862,None
193,Tuanuki - Don't Worry About Me [SoulZ Release],19 February 2021,"1,673",87,61,Future House
194,Wrong,5 April 2019,"57,899,864",687K,13.8K,R&B & Soul
195,LIL DUSTY G - Lie,2 April 2021,"392,700","9,758",263,LILDUSTYG
196,Wild,21 June 2019,"922,741",11.6K,419,Alternative Rap
197,"Sad Pop Acoustic Guitar x Trap Drum/ Instrumental ""TORTUGA"" (Prod. by IOF ft. Tobeyy)",18 April 2021,"20,017",390,26,Hip-hop & Rap
198,Tell Ur Mom II - Winno (ft Heily),18 June 2021,"1,756,422",26.2K,663,Piano
199,Chiulinh - Half Heart - Ft. Left Hand,18 October 2019,"31,291",349,13,R&B
200,thi√™n th·∫ßn m√πa ƒë√¥ng,25 May 2021,"14,205",188,11,R&B
201,Fly Me To The Moon,10 February 2021,"17,686",227,14,R&B & Soul
202,XOLITXO 167. hoa m·ªôc lan,25 April 2020,"97,113","1,323",108,love
203,Van Biet La Mot Cau Chuyen - Lil'Wuyn,9 June 2021,"12,145",100,5,Hip-hop & Rap
204,Smk(demo)-Tofu / Frame2frame,19 February 2021,"69,694",508,16,Hip-hop & Rap
205,DCOD Sol7 - Better Day (Prod. Xtravulous x YoungTaylor),6 June 2021,"14,474",189,4,None
206,Flashback - MC Goku (Black $ayyan) x MChouse (Prod E5),17 October 2020,"247,153","2,305",66,Hip-hop & Rap
207,Cko Ank Mut Ckut Hy Vong (RMX) ft Haukong,20 May 2021,"10,878",159,10,R&B & Soul
208,Better Day Sol7 X Pmall X Sammy,2 November 2019,"431,118","4,086",152,Hip-hop & Rap
209,Icy Heart - Sol,10 January 2018,"442,647","4,649",271,None
210,WATER - Kaka$hi X Sol,22 January 2017,"177,911","1,606",98,None
211,Ai bi·∫øt - WEAN,1 September 2019,"6,528,804",58.9K,"1,954",None
212,NAOMI Ft WEAN - RETROGRADE,24 December 2018,"2,831,630",28.1K,"1,344",Hip-hop & Rap
213,M·ªông M·ªã with BƒÉng Ch·ª£ Qu√°n,17 June 2021,"21,904",204,13,Jazz & Blues
214,...,16 June 2021,"8,925",115,1,None
215,DAT FEELING (prod.Sneezi),16 June 2021,"6,148",55,1,Hip-hop & Rap
216,C√πn - DSK (prod. By TaiHeo),16 June 2021,"3,111",39,2,None
217,T·ªêI R·ªíI NG·ª¶ TH√îI EM - LUU HUONG THAO ft. TRGAXH (prod. by QUANNHAT5AM),18 June 2021,"34,418",534,15,R&B
218,C√≥ L·∫Ω Qu√° Kh√≥ ƒê·ªÉ Qu√™n M·ªôt Ng∆∞·ªùi - Namlee x 1nG 'n' D.Blue,26 August 2019,"3,744,812",37.9K,"1,239",Hip-hop & Rap
219,t√¨nh y√™u nh·ªè tr√™n bi·ªÉn ƒë·ªè - It's Huy ft. Chi P√©oo (Prod. by New$oulz),5 October 2019,"571,762","4,545",154,Soundtrack
220,Tofu - Phi√™u B·ªìng Ft. Vovanduc,22 July 2019,"561,513","3,573",146,None
221,Your Smile - Tobie Da Hoodie ( Prodby. Karrot ),7 July 2019,"418,995","3,688",180,Hip-hop & Rap
222,Trong tay anh c√≥ g√¨? - Huy (prod. by SwL3),20 June 2019,"164,075","1,150",33,Soundtrack
223,(Original.) Anh th∆∞∆°ng em nh·∫•t m√†? - L√£. ft. Log ft. TiB,29 December 2018,"9,093,961",77.5K,"3,746",None
224,Grey D - V√†i c√¢u n√≥i c√≥ khi·∫øn ng∆∞·ªùi thay ƒë·ªïi ( L√¢m Aio edit ),15 June 2019,"3,249,522",35.6K,"1,737",Pop
225,D∆∞·ªõi c∆°n m∆∞a - Kh√≥i x Helia (cover),21 July 2019,"2,202,827",18.9K,790,None
226,ƒêI·ªÄU KH√ÅC L·∫† - ƒê·∫†TG X NG·ªåC HALEYY (Masew Mix),28 July 2017,"2,495,882",22.6K,"2,474",Future Bass
227,[HiddenGem Mixtape] ep.7 - J Cole N√≥i - B Ray,15 June 2021,"216,248","2,325",59,None
228,Ng∆∞·ªùi Ch∆°i H·ªá ƒê·∫πp - 16 Typh (Cukak Remix) [Official],17 June 2021,"1,463,451",16.5K,364,Dance & EDM
229,The Reason To Love Me 12 : True Love,15 June 2021,"251,660",10.2K,277,NhiÃÅ Nh√¥ÃÅ
230,Nh·∫°c Chill Sang X·ªãn M·ªãn 2021 | HOT TIKTOK,15 June 2021,"125,778","2,633",91,None
231,Ph·ªë ƒê√£ L√™n ƒê√®n - Huy·ªÅn T√¢m M√¥n (Cukak Remix) [Official],16 June 2021,"3,886,273",34.7K,892,Dance & EDM
232,Tell Ur Mom II - Winno (ft Heily),18 June 2021,"1,756,499",26.2K,663,Piano
233,16 Typh x 16 BrT - WALK ON DA STREET ( Timon X Dope B Remix ),17 June 2021,"35,785","1,313",540,#Vinahouse
234,T√¨nh Y√™u Ng·ªß Qu√™n (feat. LyHan),12 June 2021,"797,065",10K,173,Pop
235,N√ìI THEO 1 C√ÅCH KH√ÅC,27 November 2020,"55,877",727,20,Hip-hop & Rap
236,S√ÄI G√íN H√îM NAY M∆ØA (lofi ver. by VUX) - JSOL & HO√ÄNG DUY√äN,4 June 2021,"4,233,078",40.5K,"1,170",Pop
237,X√≠ch Th√™m Ch√∫t - RPT Groovie ft TLinh x RPT MCK,18 April 2021,"2,780,028",27.9K,595,None
238,C·ª© Chill Th√¥i - Chillies ftSuni H·∫° Linh & Rhymastic version lofi.....,16 July 2020,"1,606,185",20.6K,727,Lofi
239,Ph·ªë ƒê√£ L√™n ƒê√®n - Huy·ªÅn T√¢m M√¥n (Cukak Remix) [Official],16 June 2021,"3,886,279",34.7K,892,Dance & EDM
240,Late Night Melancholy - SAD CHILL Lofi Piano Type Beat,13 June 2020,"88,358",926,None,R&B & Soul
241,Sofia - Hanin Dhiya,24 January 2021,"184,714","1,468",28,None
242,Nothing on You-Barry Brizzy,14 March 2021,"1,671,302",23.5K,560,None
243,SOFT LIPS ll Blank Check Best Tiktok Lofi Music Beats,18 April 2021,"367,052","3,854",83,R&B & Soul
244,PAST LIVES - BORNS- SapientDream- Lofi,23 May 2020,"3,603,244",45.8K,"1,430",Indie
245,Nghe B√†i N√†y ƒêi Em - Specter x C·ªß C·∫£i x Chu,7 October 2019,"1,148,767",15.4K,515,Hip-hop & Rap
246,WILLDAWIND - Ng∆∞·ªùi T·ª´ng Th∆∞∆°ng (Acoustic) feat. B·∫¢O H√ÇN HELIA & SIVAN,7 September 2020,"486,976","2,422",39,None
247,T√¨nh y√™u vippro 2020 (Remix) - Megazetz ft. Fong & Deus,17 April 2020,"475,883","3,744",90,None
248,'tim em ko k√≥ m·ªôt ƒë∆∞·ªùng n√†o' - Winno (ft Heily),22 August 2020,"1,956,597",14K,None,None
249,Th·ªù er (remix) - 16 BrT ft MCK Prod by Snowz,8 October 2020,"1,297,826",10.1K,260,None
250,Ng∆∞·ªùi Ch∆°i H·ªá ƒê·∫πp - 16 Typh (Cukak Remix) [Official],17 June 2021,"1,463,455",16.5K,364,Dance & EDM
251,[HiddenGem Mixtape] ep.7 - J Cole N√≥i - B Ray,15 June 2021,"216,248","2,325",59,None
252,The Reason To Love Me 12 : True Love,15 June 2021,"251,660",10.2K,277,NhiÃÅ Nh√¥ÃÅ
253,Tell Ur Mom II - Winno (ft Heily),18 June 2021,"1,756,568",26.2K,663,Piano
254,L√ÄM G√å C√ì AI CHIA TAY M√Ä VUI Ng·∫Øn & Ng·ªçc Dolil ƒê√† L·∫°t Ep4,13 June 2021,"182,084","2,278",48,None
255,Vi·ªát - H∆°n C·∫£ M√¢y Tr·ªùi (lofi ver by hawys),31 March 2019,"5,003,726",38.3K,"1,116",lofi
256,"Send My Love / Sit Still, Look Pretty - Landon Austin and Kaya May - J a p a n C h i l l",5 August 2020,"317,489","3,026",38,Trap
257,D√π Cho Mai V·ªÅ Sau,21 November 2020,"7,676,762",69.9K,"2,018",Pop
258,Sunset II,4 September 2020,"258,255","3,562",176,None
259,Pleasure P - I Love Girls (feat. Tyga),21 June 2012,"1,863,756",29.1K,"2,755",R&B
260,Tell Ur Mom II - Winno (ft Heily),18 June 2021,"1,756,591",26.2K,663,Piano
261,Anh s·∫Ω ƒë·ªÉ em ƒëi - Kidz ( Prod. VoVanDuc ),5 February 2020,"1,222,045",13.4K,586,Hip-hop & Rap
262,Only You,11 May 2021,"5,700",137,3,Hip-hop & Rap
263,"T·∫•t C·∫£ (24th story) - WIZ ft OGG.Wack, V√¢n",29 November 2020,"26,341",417,26,Hip-hop & Rap
264,Em 20 - Winno ( REMIX ),14 February 2021,"56,735",305,12,Hip-hop & Rap
265,LUFFY/19 - Chiulinh ft. Robe (Available on Spotify),7 January 2020,"1,108,653",12.1K,401,None
266,"Level Up - Terry Ft. Ricky Star, Lil Wuyn, Robe ( Official Audio )",15 August 2019,"2,076,570",18.5K,630,Hip-hop & Rap
267,MU·ªêN ƒê∆Ø·ª¢C C√ôNG EM' - FREAKY x CM1X (ft. QU·ª≤NH GAI),5 November 2020,"6,913,803",56.2K,"1,479",Indie
268,Sinh Ra ƒê√£ L√† Th·ª© ƒê·ªëi L·∫≠p Nhau Freak D Lofi Ver Emcee L Da LAB ft Badbie,22 January 2021,"7,325,555",57.5K,"1,542",None
269,Tlinh - Th√≠ch Qu√° R√πi N√† ft. Trung Tr·∫ßn (prod by @rpt.phongkhin ),20 April 2020,"16,405,799",109K,"3,191",Pop
270,"LOOP - Coldzy (feat. TO$KA, Left Hand)",6 December 2019,"1,176,291",11.7K,461,Pop
271,'tim em ko k√≥ m·ªôt ƒë∆∞·ªùng n√†o' - Winno (ft Heily),22 August 2020,"1,956,600",14K,None,None
272,Coldzy X Wxrdie If You Said So But You Are In The Empty Mall,20 September 2020,"436,617","3,715",99,Hip-hop & Rap
273,Em 20 - Winno,3 December 2020,"2,412,363",18.9K,None,None
274,$ativa_Ok NAH NAH(feat.BUFORD),23 October 2020,"777,472","7,805",213,Hip-hop & Rap
275,Ng∆∞·ªùi Ch∆°i H·ªá ƒê·∫πp - 16 Typh (Cukak Remix) [Official],17 June 2021,"1,463,459",16.5K,364,Dance & EDM
276,[HiddenGem Mixtape] ep.7 - J Cole N√≥i - B Ray,15 June 2021,"216,248","2,325",59,None
277,The Reason To Love Me 12 : True Love,15 June 2021,"251,662",10.2K,277,NhiÃÅ Nh√¥ÃÅ
278,Tell Ur Mom II - Winno (ft Heily),18 June 2021,"1,756,641",26.2K,663,Piano
279,Nh·∫°c Chill Sang X·ªãn M·ªãn 2021 | HOT TIKTOK,15 June 2021,"125,779","2,633",91,None
280,ICEMAN - Sol7 ft MCK,4 March 2021,"1,724,127",16.3K,489,Hip-hop & Rap
281,Bu√¥ng H√†ng - Young Milo,3 December 2020,"359,894","3,498",107,None
282,"Quang T√®o, t√™n tao ƒë∆°n gi·∫£n l√† Mr. Quang T√®o.",26 February 2021,"93,086",932,32,None
283,"NIGHT - WAVY, XOLITXO, DA/MD, DUSTIN NG√î",20 November 2020,"1,047,881",10.5K,280,Trap
284,WXRDIE QUAY XE ft. WOKEUPAT4AM,11 October 2020,"348,017","4,195",86,Hip Hop
285,Ng∆∞·ªùi Ch∆°i H·ªá ƒê·∫πp - 16 Typh (Cukak Remix) [Official],17 June 2021,"1,463,462",16.5K,364,Dance & EDM
286,[HiddenGem Mixtape] ep.7 - J Cole N√≥i - B Ray,15 June 2021,"216,248","2,325",59,None
287,The Reason To Love Me 12 : True Love,15 June 2021,"251,662",10.2K,277,NhiÃÅ Nh√¥ÃÅ
288,Tell Ur Mom II - Winno (ft Heily),18 June 2021,"1,756,673",26.2K,663,Piano
289,Nh·∫°c Chill Sang X·ªãn M·ªãn 2021 | HOT TIKTOK,15 June 2021,"125,779","2,633",91,None
290,Ng∆∞·ªùi Ch∆°i H·ªá ƒê·∫πp - 16 Typh (Cukak Remix) [Official],17 June 2021,"1,463,462",16.5K,364,Dance & EDM
291,[HiddenGem Mixtape] ep.7 - J Cole N√≥i - B Ray,15 June 2021,"216,249","2,325",59,None
292,The Reason To Love Me 12 : True Love,15 June 2021,"251,662",10.2K,277,NhiÃÅ Nh√¥ÃÅ
293,Tell Ur Mom II - Winno (ft Heily),18 June 2021,"1,756,691",26.2K,663,Piano
294,L√ÄM G√å C√ì AI CHIA TAY M√Ä VUI Ng·∫Øn & Ng·ªçc Dolil ƒê√† L·∫°t Ep4,13 June 2021,"182,084","2,278",48,None
295,Fancy - Winno (prod.aloha),29 March 2020,"1,582,338",13.5K,None,None
296,TH√çCH EM H∆†I NHI·ªÄU - WREN EVANS | Feliks Alvin Remix,22 June 2021,"488,065","4,351",111,Future Bass
297,Forget Me Now - Fishy ft. Tr√≠ D≈©ng„ÄåCukak Remix„Äç,17 June 2021,"980,245",10K,272,Cukak
298,Tell Ur Mom II - Winno (ft Heily),18 June 2021,"1,756,701",26.2K,663,Piano
299,ƒê∆∞·ªùng T√¥i Ch·ªü Em V·ªÅ - Cukak Remix - Buitruonglinh,20 June 2021,"453,198","5,659",133,Pop
300,ƒë·ª´ng.,6 April 2020,"476,891","5,570",309,None
301,night city ft. tobie,24 October 2020,"1,074,715",15.1K,614,my rocky
302,ecstacy (groovie l√£ th·∫Øng) remake demo - tlinh (prod. by yusei),15 January 2021,"411,183","5,275",245,None
303,t√™i t√™i h∆∞ h∆∞,8 September 2020,"547,425","8,623",325,None
304,üåû,18 October 2017,"1,684,047",18.8K,"1,186",None
305,M·ªông M·ªã with BƒÉng Ch·ª£ Qu√°n,17 June 2021,"21,904",204,13,Jazz & Blues
306,Chuy·ªán G√¨ ƒê√¢u,18 June 2021,"1,455",45,12,Alternative Rock
307,TH·∫æ GI·ªöI N√ÄY - FREAKY DI ft ICD,18 June 2021,"7,984",90,1,Hip-hop & Rap
308,"GERDNANG - CH√çNH TR·ªä GIA | HURRYKNG, MANBO, HIEUTHUHAI - CTG - Official Audio (feat. MCK)",17 June 2021,"11,553",140,2,Hip-hop & Rap
309,please tell me b·ªßh (prod. by Lonie),18 June 2021,"2,143",58,5,Hip-hop & Rap
310,[HiddenGem Mixtape] ep.7 - J Cole N√≥i - B Ray,15 June 2021,"216,249","2,325",59,None
311,ƒê∆†N C√îI FT SOULJU,19 April 2021,"216,333","2,972",86,Hip-hop & Rap
312,Ch·∫≥ng Th·ªÉ Bi·∫øt Sol7 Ft Young Tulo,21 June 2021,"114,531","1,458",22,R&B
313,C√≥ Nhi·ªÅu Th·ª© D·ªÖ N√≥i Ra Sol Goku x MvdBeez,17 January 2021,"3,020",67,1,Hip-hop & Rap
314,GROWN UP [Offical MV] - HUSTLANG ROBE (Prod. Twentyfo),13 September 2020,"248,350","2,535",48,None
315,(2 7 1 1) Mang em qua ƒë√¢y - PhuBinh x Lara,20 March 2020,"9,728,715",30.8K,671,Indie
316,Du Cho Mai Ve Sau (acoustic AUDIO),1 December 2020,"2,587,275",19.3K,551,R&B & Soul
317,"C∆°n M∆∞a Qua (Young Uno, LK) - ACENS Cover",12 July 2018,"5,482,888",23K,720,"Chill, Lo-Fi"
318,Rapitalove EP | ƒê√äM TRONG VEO - RPT Groovie x RPT Gonzo (Prod. Fat_benn),8 March 2021,"220,228","3,087",97,Hip-hop & Rap
319,Th√¥i h·∫πn em Madihu,7 November 2020,"176,175","2,169",65,None
320,c·ªõ sao em bu·ªìn ~ nguy·ªÖn tr·ªçng t√†i / luxofons lo-fi mix,4 September 2021,"18,260",201,4,Hip-hop & Rap
321,SOOBIN - TH√ÅNG NƒÇM (SPECIAL VERSION) FT. SLIM V,16 May 2021,"7,998,132",67.1K,"2,493",The Playah
322,C∆°n m∆° bƒÉng gi√°(Acoustic Version) - B·∫±ng Ki·ªÅu ft L√™ Th√†nh Trung ft T√πng Acoustic,18 March 2019,"377,701","3,143",104,Pop
323,M√πi H∆∞∆°ng Em N·ªìng Say M·ªôt Ch√∫t Martini... | H∆∞∆°ng (Lofi Ver.) - VƒÉn Mai H∆∞∆°ng x Besu | Lyrics TikTok,16 September 2021,"17,585",251,9,None
324,WREN EVANS - Th√≠ch Em H∆°i Nhi·ªÅu (Larria Dub),18 July 2021,"5,675",164,19,Dub
325,T·∫ßng High - Paypil x HaSiha,12 March 2020,"1,799",36,None,Hip-hop & Rap
326,[DCOD] NGTANOISE (Ng∆∞·ªùi ta n√≥i - remake) | VSOUL x MFREE x TUYEN VO|,16 July 2019,"5,044,780",44.1K,"1,291",None
327,Ngan Ngui ft. Kel C,5 October 2015,"792,784","6,959",579,ldleking
328,[20MC] NOU9Z - $AD BOY √Å CH√ÇU FT. PACE (Prod. By Haruhi),14 February 2017,"89,462",836,63,Hip-hop & Rap
329,Lil Wuyn x 16 Typh - Self Love,21 March 2020,"516,116","5,489",189,Trap
330,Ng∆∞·ªùi Ch∆°i H·ªá ƒê·∫πp - 16 Typh (Cukak Remix) [Official],17 June 2021,"1,463,469",16.5K,364,Dance & EDM
331,[HiddenGem Mixtape] ep.7 - J Cole N√≥i - B Ray,15 June 2021,"216,250","2,325",59,None
332,The Reason To Love Me 12 : True Love,15 June 2021,"251,664",10.2K,277,NhiÃÅ Nh√¥ÃÅ
333,Tell Ur Mom II - Winno (ft Heily),18 June 2021,"1,756,820",26.2K,663,Piano
334,L√ÄM G√å C√ì AI CHIA TAY M√Ä VUI Ng·∫Øn & Ng·ªçc Dolil ƒê√† L·∫°t Ep4,13 June 2021,"182,085","2,278",48,None
335,Tell Ur Mom II - Winno (ft Heily),18 June 2021,"1,756,824",26.2K,663,Piano
336,Fancy - Winno (prod.aloha),29 March 2020,"1,582,342",13.5K,None,None
337,Em 20 - Winno,3 December 2020,"2,412,377",18.9K,None,None
338,Hai T√°m B·ªën - Winno,3 May 2018,"1,545,375",10K,452,Hip-hop & Rap
339,Obito Ft. Hnhngan Live YOUR SMILE - Emma X Seachains X Obito,11 April 2021,"5,944,796",53K,"1,501",None
340,Say em - G·∫•u B√©o ft TeoSoN,31 March 2018,"106,988",609,52,Trap
341,"OVERNITE (#ON) | Lyhan, Freaky, CM1X | Official Audio",30 April 2019,"611,948","4,327",168,Hip-hop & Rap
342,ƒê√† L·∫°t Anh V√† Em - C√≤iiii,18 May 2019,"12,648",115,9,None
343,"""Hey Boo"" Anh Y√™u Ch·ªã | Toddy |",28 June 2019,"324,390","2,486",97,None
344,EVERYDAYxEVERYNIGHT | $GWang,6 October 2019,"280,310","1,973",60,Hip-hop & Rap
345,Maƒëam Tuy·ªÅn H√≠p H·ªëp (almost lofi),7 July 2018,"211,219","4,332",388,V-BoomBap
346,Y√™u Ng∆∞·ªùi Nh∆∞ Anh - BRAY ft ƒê·∫†T G x MASEW,6 May 2019,"472,295","3,011",132,R&B & Soul
347,Lyrics - ƒê·ªë Em Bi·∫øt Anh ƒêang Nghƒ© G√¨ - ƒêen X Justa Tee Ft. Bi√™n,10 February 2019,"1,279,530","6,583",212,None
348,25 - T√°o MASEW MIX,9 February 2018,"1,067,890","6,605",240,Dance & EDM
349,FOREVER LOVE - VIETUNDERGROUND (HIT TRACK 2015),30 November 2015,"409,358","1,584",43,Hip-hop & Rap
350,Îîò (DEAN) - instagram (Ïù∏Ïä§ÌÉÄÍ∑∏Îû®),3 January 2018,"5,836,960",86.5K,"2,948",None
351,Îîò (DEAN) - D (half Moon) acoustic,15 August 2016,"1,116,131",17.7K,362,kpop
352,HYUKOH (ÌòÅÏò§) - WI ING WI ING (ÏúÑÏûâÏúÑÏûâ),25 June 2019,"617,140",11.8K,167,World
353,CHEEZE (ÏπòÏ¶à) - LOSER,16 April 2021,"58,279",700,9,None
354,C·ª© Chill Th√¥i - Chillies ftSuni H·∫° Linh & Rhymastic version lofi.....,16 July 2020,"1,606,188",20.6K,727,Lofi
355,M·ªông M·ªã with BƒÉng Ch·ª£ Qu√°n,17 June 2021,"21,904",204,13,Jazz & Blues
356,"GERDNANG - CH√çNH TR·ªä GIA | HURRYKNG, MANBO, HIEUTHUHAI - CTG - Official Audio (feat. MCK)",17 June 2021,"11,553",140,2,Hip-hop & Rap
357,Tell Ur Mom II - Winno (ft Heily),18 June 2021,"1,756,876",26.2K,663,Piano
358,T·ªêI R·ªíI NG·ª¶ TH√îI EM - LUU HUONG THAO ft. TRGAXH (prod. by QUANNHAT5AM),18 June 2021,"34,419",534,15,R&B
359,"""Dongchenbat"".flp",18 June 2021,"42,891",475,25,None
360,B√™n em l√† ICE - Sevenlit,11 April 2021,"19,706",599,34,Hip-hop & Rap
361,Tell Ur Mom II - Winno (ft Heily),18 June 2021,"1,756,886",26.2K,663,Piano
362,'tim em ko k√≥ m·ªôt ƒë∆∞·ªùng n√†o' - Winno (ft Heily),22 August 2020,"1,956,614",14K,None,None
363,Young Bo5 + Littgurl - *Sheis * ( Ft. LVK & Ritdee),31 August 2020,"228,052","2,990",191,MASTER502
364,"SHEIS RMX - YOUNG BO5 FT. ALICE, ROKI, NALO",24 December 2020,"45,129",684,30,Trap
365,S·ªëng cho h·∫øt ƒë·ªùi thanh xu√¢n 2,13 December 2019,"1,624,878",12.6K,545,None
366,Lil Wuyn X MeloDip X SMO - Radar,20 July 2016,"765,104","5,845",560,Hip-hop & Rap
367,Phi√™u B·ªìng - Tofu,22 July 2019,"2,094,418",17.4K,624,World
368,"S·ªëng Cho H·∫øt ƒê·ªùi Thanh Xu√¢n - Hi·∫øu , Tuy·∫øt , X√°m",11 October 2018,"3,508,399",31.3K,"1,629",None
369,Li·ªáu Gi·ªù - 2T x VƒÉn x Prod. KayTee,17 April 2019,"15,041,624",96.6K,"4,022",R&B & Soul
370,"mayweather (rework by Dustin Ngo) - prettyXIX, Kim Nguyen, NVB",20 November 2020,"33,750",350,16,Hip-hop & Rap
371,Khi b√™n em ( Emocean) - feat. 16BeanCD,20 October 2019,"218,363","1,813",64,Hip-hop & Rap
372,#emvatuoi18 - bf_huNG,6 February 2021,"48,760",490,13,None
373,"MOT DEM CUOI-""1mor9ss2"" JayKay",10 March 2021,"40,923",512,24,Hip-hop & Rap
374,something cute for u,13 February 2021,"66,381",764,20,Hip Hop
375,With Chu - Word ft. HD,5 July 2018,"226,608","2,465",159,Trap
376,Marlboro üö¨,25 April 2020,"265,160","3,172",97,Hip-hop & Rap
377,N O L O V E - Ken$hin x 7‚Ç©¬• x Sickie [ Prod. THAIBEATS ],7 April 2019,"87,081",897,41,Hip-hop & Rap
378,NAY EM OI - DROPPY - N√ÄY EM ∆†I ( LOCOBOIZ ) MP3,7 April 2019,"354,228","2,717",103,None
379,H·ªêT ANH ƒêI EM - AUGUST X DEMPTY ( PROD. BY ANNGO ),1 April 2019,"39,697",514,24,Hiphop/R&b
380,insutaguramu,16 April 2021,"40,816",676,48,Indie
381,Young Val - MILLIONAIRES (ft. Lomax In Da Cut & $GK Gang ),15 January 2021,"44,033",466,33,Hip-hop & Rap
382,"Level KiD - ""Roi minh lai yeu""",15 February 2021,"37,243",588,23,Hip-hop & Rap
383,S a d D a y - Kaka$hi,29 October 2016,"201,344","2,321",198,Hip-hop & Rap
384,Young Val & Lomax in Da Cut - FUEGO (ft. Trill VV$),23 October 2020,"137,554","1,492",61,Hip-hop & Rap
385,Tell Ur Mom II - Winno (ft Heily),18 June 2021,"1,756,971",26.2K,663,Piano
386,Em 20 - Winno,3 December 2020,"2,412,388",18.9K,None,None
387,'tim em ko k√≥ m·ªôt ƒë∆∞·ªùng n√†o' - Winno (ft Heily),22 August 2020,"1,956,618",14K,None,None
388,"Ngh√¨n l·∫Ω, m·ªôt ƒë√™m - Winno (prodEast)",3 June 2019,"124,771","1,651",None,None
389,Tell Ur Mom II - Winno (ft Heily),18 June 2021,"1,756,979",26.2K,663,Piano
390,please tell me b·ªßh (prod. by Lonie),18 June 2021,"2,143",58,5,Hip-hop & Rap
391,Hy vong chung ta con lai gi? - Dr.ƒê·∫Øng x Ket (Prod. BigBadBeats),18 June 2021,"10,877",159,9,R&B & Soul
392,APL LUXXY - Sweet Dream (Prod. LCalvin),18 June 2021,"3,151",53,3,Hip-hop & Rap
393,X√≠ch Th√™m Ch√∫t - RPT Groovie ft TLinh x RPT MCK,18 April 2021,"2,780,082",27.9K,595,None
394,Obito Ft. Hnhngan Live YOUR SMILE - Emma X Seachains X Obito,11 April 2021,"5,944,842",53K,"1,501",None
395,Tlinh - Th√≠ch Qu√° R√πi N√† ft. Trung Tr·∫ßn (prod by @rpt.phongkhin ),20 April 2020,"16,405,931",109K,"3,191",Pop
396,MU·ªêN ƒê∆Ø·ª¢C C√ôNG EM' - FREAKY x CM1X (ft. QU·ª≤NH GAI),5 November 2020,"6,913,868",56.2K,"1,479",Indie
397,D√π Cho Mai V·ªÅ Sau (Lofi Ver) - buitruonglinh x Fre,21 March 2021,"1,991,528",15.5K,388,None
398,"""matchanah"" - h√≠u x b√¢u",14 March 2021,"3,183,968",34.3K,811,Indie
399,Tell Ur Mom II - Winno (ft Heily),18 June 2021,"1,757,010",26.2K,663,Piano
400,Mai n√†y ta - Hieuthuhai verse rap,10 January 2021,"19,767",108,5,None
401,Overdose - Ricky Star x V$oul x Sol7 x LƒÉng LD x Yuno,26 July 2019,"61,891",760,37,Hip-hop & Rap
402,"Tinh Hoa Cypher - Lake, Th√†nh Draw, Krazinoyze, Robe (reup)",21 November 2020,"97,210",973,21,Hip-hop & Rap
403,anh cung da qua sai lam (snippet),29 December 2020,"155,032","2,145",85,Hip-hop & Rap
404,CO$TCO (Prod. Thundaa)- $GK GANG,30 September 2020,"93,302",909,20,Hip-hop & Rap
405,Ng∆∞·ªùi Ch∆°i H·ªá ƒê·∫πp - 16 Typh (Cukak Remix) [Official],17 June 2021,"1,463,483",16.5K,364,Dance & EDM
406,Tell Ur Mom II - Winno (ft Heily),18 June 2021,"1,757,041",26.2K,663,Piano
407,[HiddenGem Mixtape] ep.7 - J Cole N√≥i - B Ray,15 June 2021,"216,252","2,325",59,None
408,The Reason To Love Me 12 : True Love,15 June 2021,"251,668",10.2K,277,NhiÃÅ Nh√¥ÃÅ
409,"gap nhau, ben nhau, la y troi",19 June 2021,"692,013","4,737",203,Indie
410,ƒê·ªÉ b·∫ßu tr·ªùi nh√¨n hai ta (prod. by Yusei),25 February 2019,"357,878","3,431",118,Hip-hop & Rap
411,HIEUTHUHAI - SINH NH·∫¨T (prod. by Wonderlust),8 February 2020,"1,203,006",11.3K,330,Hip-hop & Rap
412,PAR SG - instagram ft. V≈© Thanh V√¢n (Prod. by east),12 February 2020,"1,667,756",15.7K,455,None
413,PAR SG - cigarette ft. Cigar,8 March 2019,"1,387,118",14.6K,452,None
414,PAR SG x B - i just wanna kiss u,16 November 2018,"659,376","6,544",324,None
415,Anh s·∫Ω ƒë·ªÉ em ƒëi - Kidz ( Prod. VoVanDuc ),5 February 2020,"1,222,063",13.4K,586,Hip-hop & Rap
416,Only You,11 May 2021,"5,700",137,3,Hip-hop & Rap
417,phanlong ft. Matty - ƒê·∫≤NG (prod. by Lezter),11 May 2021,"8,418",48,5,Hip-hop & Rap
418,Tell Ur Mom II - Winno (ft Heily),18 June 2021,"1,757,075",26.2K,663,Piano
419,'tim em ko k√≥ m·ªôt ƒë∆∞·ªùng n√†o' - Winno (ft Heily),22 August 2020,"1,956,626",14K,None,None
420,WHAT'LL YOU SAY? | Custhekid ft. Chillingo | Prod: Eem Triplin,21 July 2020,"3,375,123",15K,251,Hip-hop & Rap
421,Th·ªù er (remix) - 16 BrT ft MCK Prod by Snowz,8 October 2020,"1,297,839",10.1K,260,None
422,No L/Ch·∫≥ng gi·ªëng gi√°ng sinh (remake) - MCK prod. datfitzx,24 December 2020,"2,150,570",13.3K,487,R&B & Soul
423,ƒêia than on the train to heaven,30 November 2019,"20,417",329,10,Country
424,Em 20 - Winno,3 December 2020,"2,412,403",18.9K,None,None
425,Tell Ur Mom II - Winno (ft Heily),18 June 2021,"1,757,096",26.2K,663,Piano
426,Thang Hang Xom -(QuietxNki)-,4 April 2015,"1,122,215","6,330",686,Hustle
427,ICY - C√ÅNH CHIM CU·ªêI TR·ªúI,5 June 2018,"173,874","1,733",108,Hip-hop & Rap
428,luot qua mat nuoc nhu la sao bang - Amigo,12 December 2017,"1,116,173","9,779",652,None
429,Mask Off rmx - P$mall x Sol x Kaka$hi x Yuno,8 June 2017,"609,998","5,416",473,rmx
430,AIRPLANE MODE - HN x Ken$hin x 7‚Ç©¬• [ Prod. KaiserBeatz ],7 May 2019,"82,419",801,33,Hip-hop & Rap
431,Friend Of Me (Instrumental) - Fiskayet.mp3,30 April 2021,"11,789",97,6,None
432,Cheating on You,2 October 2019,"3,863,321",63.5K,"1,361",Pop
433,alec benjamin - the way you felt (slowed down),3 May 2021,"62,049","1,276",24,None
434,Ali Gatie - I cant let you go,27 November 2020,"105,111","2,602",33,Pop
435,"Will.i.am - Feelin' Myself ft. Miley Cyrus, French Montana & Wiz Khalifa (Deen Creed Remix)",10 December 2013,"8,513,926",92.5K,14.7K,Trap
436,Ng∆∞·ªùi Ch∆°i H·ªá ƒê·∫πp - 16 Typh (Cukak Remix) [Official],17 June 2021,"1,463,487",16.5K,364,Dance & EDM
437,Tell Ur Mom II - Winno (ft Heily),18 June 2021,"1,757,128",26.2K,663,Piano
438,[HiddenGem Mixtape] ep.7 - J Cole N√≥i - B Ray,15 June 2021,"216,253","2,325",59,None
439,The Reason To Love Me 12 : True Love,15 June 2021,"251,670",10.2K,277,NhiÃÅ Nh√¥ÃÅ
440,Nh·∫°c Chill Sang X·ªãn M·ªãn 2021 | HOT TIKTOK,15 June 2021,"125,780","2,633",91,None
441,(Original.) Anh th∆∞∆°ng em nh·∫•t m√†? - L√£. ft. Log ft. TiB,29 December 2018,"9,094,004",77.5K,"3,746",None
442,1 Ph√∫t - Andiez,26 August 2017,"13,542,981",80.8K,"4,225",None
443,THANH XU√ÇN L√Ä ANH - N.Dien X 2T f.t Shenlongz,6 January 2019,"10,416,317",67.3K,"2,762",TXLA
444,chloe - ngay mai em di roi (ft. minh ch√¢u),27 December 2019,"217,145","1,401",37,chill
445,ƒêi Qua M√πa H·∫° - Thai Dinh,14 July 2019,"5,396,897",40.5K,"1,231",Indie
446,[DCOD] NGTANOISE (Ng∆∞·ªùi ta n√≥i - remake) | VSOUL x MFREE x TUYEN VO|,16 July 2019,"5,044,929",44.1K,"1,291",None
447,ƒê·∫æN R·ªíI L·∫†I ƒêI,11 August 2019,"1,061,236","9,341",356,R&B & Soul
448,NAY EM OI - DROPPY - N√ÄY EM ∆†I ( LOCOBOIZ ) MP3,7 April 2019,"354,228","2,717",103,None
449,SEXNORITA - DROPPY X CH·ªä C·∫¢ X QU√ÇN,18 July 2020,"177,541","1,275",29,Hip-hop & Rap
450,100 Ng√†y H·∫°,3 June 2013,"1,648,839",18.3K,"1,732",Rap
451,Roses Are Red ft xoLIT & willistic (prod by Lucid Vision),15 September 2017,"331,385","3,749",283,Trap
452,419 - wAvy ft. xolitxo,12 December 2017,"543,614","7,527",320,vntrap
453,COLDNIGHT - RITDEE,5 August 2018,"148,631","1,649",91,Hip-hop & Rap
454,My Everything (GONE) ChiuLinh x Par SG,8 March 2019,"307,446","3,596",156,Classical
455,BNTLY(ft. @kimnguyen),30 April 2018,"150,830","1,907",160,R&B & Soul
456,Baby Gho$t- Slide,24 December 2020,"251,736","2,067",45,Hip-hop & Rap
457,Take Off,18 September 2020,"766,955","4,857",101,Hip-hop & Rap
458,Off Poppin Gone,25 December 2020,"827,992","6,863",140,Hip-hop & Rap
459,Tell Ur Mom II - Winno (ft Heily),18 June 2021,"1,757,181",26.2K,663,Piano
460,(unreleased) V·∫≠n T·ªëc √Ånh S√°ng feat ROBE -leak- (prod.Chiulinh).mp3,17 January 2021,"354,605","3,946",106,None
461,Sony Tran - Attention ft. Zuy & VSoul [OFFICLA AUDIO],7 February 2021,"403,832","4,158",133,hiphop rnb
462,Ch√°n G√°i 707 | Low G |,19 January 2021,"1,279,083",17.6K,373,None
463,H√£y Gi√∫p Migos T√¨m L·∫°i Nh√† (ft. Migos v√† nh·ªØng ng∆∞·ªùi b·∫°n),27 June 2019,"64,259","1,309",85,Hip-hop & Rap
464,"NIGHT - WAVY, XOLITXO, DA/MD, DUSTIN NG√î",20 November 2020,"1,047,898",10.5K,280,Trap
465,HU$TLANG ROBBER - ROBE DISSIN,19 April 2021,"68,913","1,203",36,Hip-hop & Rap
466,SAY NO - YUNO BIGBOI ft ROBE (UNOFFICIAL),20 January 2021,"674,244","6,192",125,None
467,(unreleased) V·∫≠n T·ªëc √Ånh S√°ng feat ROBE -leak- (prod.Chiulinh).mp3,17 January 2021,"354,605","3,946",106,None
468,ƒë∆°n c√¥i - ROBE /SUPOSED TO (Prod by soju ) ( HQ ),14 November 2019,"185,106","2,298",83,Hip-hop & Rap
469,LUFFY/19 - Chiulinh ft. Robe (Available on Spotify),7 January 2020,"1,108,669",12.1K,401,None
470,Ng∆∞·ªùi Ch∆°i H·ªá ƒê·∫πp - 16 Typh (Cukak Remix) [Official],17 June 2021,"1,463,491",16.5K,364,Dance & EDM
471,Tell Ur Mom II - Winno (ft Heily),18 June 2021,"1,757,210",26.2K,663,Piano
472,[HiddenGem Mixtape] ep.7 - J Cole N√≥i - B Ray,15 June 2021,"216,253","2,325",59,None
473,The Reason To Love Me 12 : True Love,15 June 2021,"251,673",10.2K,277,NhiÃÅ Nh√¥ÃÅ
474,"gap nhau, ben nhau, la y troi",19 June 2021,"692,021","4,738",203,Indie
475,MAMA BOY - HIEUTHUHAI,4 October 2020,"822,524","4,385",84,None
476,Tell Ur Mom II - Winno (ft Heily),18 June 2021,"1,757,229",26.2K,663,Piano
477,HIEUTHUHAI - B·∫≠t Nh·∫°c L√™n ft. Harmonie (prod. by NEMYA),1 June 2020,"5,060,441",54.5K,"1,786",Hip-hop & Rap
478,„ÄêWAVE ALPHA„Äë√ó Cam,11 December 2018,"612,638","7,412",471,Rock
479,Y√äU,13 September 2020,"455,506","6,795",292,Pop
480,Du Anh Muon,25 May 2017,"1,592,667",17.3K,"2,716",FUTURETRAPSOUL
481,Tell Ur Mom II - Winno (ft Heily),18 June 2021,"1,757,240",26.2K,663,Piano
482,EM √Ä - X√ÅM X NG·ªåC DOLIL,27 April 2021,"128,663","1,360",57,Hip-hop & Rap
483,√ÅNH CHI·ªÄU - DICK Ft X√ÅM [ OFFICIAL AUDIO ],23 May 2019,"513,868","3,806",113,None
484,Anh Bi·∫øt - X√°m x D.Blue,2 September 2019,"4,446,287",38.6K,"1,374",Hip-hop & Rap
485,SUY - nger,16 September 2020,"877,662","8,259",190,None
486,t√¨nh ƒë·∫Øng nh∆∞ ly c√† ph√™ - n√¢n. v√† Ng∆°,1 April 2018,"8,975,195",97.7K,"5,038",R&B & Soul
487,Honey -AnhVu (Prod By Goku Beats),3 June 2021,"1,749,349",15K,249,None
488,Berlin,31 January 2020,"11,363,851",88.9K,"2,437",Pop
489,Obito Ft. Hnhngan Live YOUR SMILE - Emma X Seachains X Obito,11 April 2021,"5,944,945",53K,"1,501",None
490,Tell Ur Mom II - Winno (ft Heily),18 June 2021,"1,757,258",26.2K,663,Piano
491,TH√çCH EM H∆†I NHI·ªÄU - WREN EVANS | Feliks Alvin Remix,22 June 2021,"488,074","4,351",111,Future Bass
492,Rapitalove EP | SUGAR - RPT JasonDilla x RPT Orijinn (prod. Leonn & RPT LT),11 March 2021,"202,311","2,828",81,Hip-hop & Rap
493,Rapitalove EP | ƒê√äM TRONG VEO - RPT Groovie x RPT Gonzo (Prod. Fat_benn),8 March 2021,"220,231","3,087",97,Hip-hop & Rap
494,Rapitalove EP | XTC - RPT Groovie x RPT Orijinn x RPT JasonDilla (Prod. by Derkalavier),8 March 2021,"619,007","7,529",262,Hip-hop & Rap
495,Rapitalove EP | U ME - RPT TC x RPT Duke (prod. by RPT Phongkhin),8 March 2021,"672,179","8,841",209,Hip-hop & Rap
496,Lux - Koo ft. Nguy√™n. (Prod. MinhNhat),15 February 2020,"2,371,430",19.3K,568,Hip-hop & Rap
497,ƒêen x JustaTee - ƒêi V·ªÅ Nh√†,20 December 2020,"8,721,752",75.1K,"3,926",Hip-hop & Rap
498,N√†ng Th∆° - Ho√†ng D≈©ng,10 August 2020,"12,467,000",96.8K,"3,848",None
499,C∆∞·ªõi ƒêi - 2T x ChangC ( Prod. So Hi x Flowz ),28 August 2020,"7,445,672",49.6K,"1,491",R&B & Soul
500,MU·ªêN ƒê∆Ø·ª¢C C√ôNG EM' - FREAKY x CM1X (ft. QU·ª≤NH GAI),5 November 2020,"6,913,926",56.2K,"1,479",Indie
501,Missing You - PHUONG LY x TINLE (Original),9 September 2020,"12,010,843",55.2K,"1,173",Pop
502,AT MY WORST,14 January 2021,"1,134,913",20.4K,322,Pop
503,Rapitalove EP| Tay To - RPT MCK x RPT PhongKhin (Prod. by RPT PhongKhin),6 April 2021,"7,680,479",71.5K,"2,527",R&B & Soul
504,play date.,23 July 2016,"2,618,139",43.9K,797,None
505,Astronaut In The Ocean,12 January 2021,"13,305,511",380K,"5,161",None
506,Th√°ng t∆∞ l√† l·ªùi n√≥i d·ªëi c·ªßa em - H√† Anh Tu·∫•n,14 September 2016,"3,736,746",42K,"2,120",Pop
507,Conversation[Moment] - PAR FLEX ft U$AGI,15 March 2018,"341,656","3,373",217,Hip-hop & Rap
508,Du Anh Muon,25 May 2017,"1,592,667",17.3K,"2,716",FUTURETRAPSOUL
509,smile,9 September 2018,"731,544","9,759",471,Vietnamese Flow
510,Hello,24 February 2018,"27,332",459,49,None
511,XESI x HOAPROX - V√î T√åNH,22 September 2018,"2,470,854",25.6K,"1,228",votinh #xesi #hoaprox
512,Andree Right Hand - Nhac Anh ft Wxrdie(BoongBoi RMX),15 January 2021,"1,380,905","4,393",65,Hip-hop & Rap
513,'Y√™u S·∫Øc Y·∫øu' (CM1X & DAERON REMIX) | OSAD,7 May 2021,"681,749","4,293",84,Dance & EDM
514,Th·ªß ƒê√¥ Cypher rmx - RPT MCK $ RPT Orijinn $ lf.low.g $ RZ Mas,9 January 2021,"1,968,683","9,937",276,Hip-hop & Rap
515,"Kewtiie, Gill - SANG X·ªäN M·ªäN",3 May 2021,"849,123","7,625",189,Hip-hop & Rap
516,Tell Ur Mom II - Winno (ft Heily),18 June 2021,"1,757,339",26.2K,663,Piano
517,ƒê·ªôi K√®n T√≠ Hon Remix 2019 - Prod By TiLo Ft Long Nh·∫≠t Ft Chivas Nh√≠,8 April 2019,"387,458","4,964",335,Dance & EDM
518,TH√îI MI√äN ( TIMON x TILO x NHI ),1 November 2020,"135,840","3,716",917,Dance & EDM
519,Feel Good - DJ Long Nh·∫≠t Remix,10 December 2020,"7,913",224,6,None
520,Rapitalove EP| Tay To - RPT MCK x RPT PhongKhin (Prod. by RPT PhongKhin),6 April 2021,"7,680,499",71.5K,"2,527",R&B & Soul
521,Borgore feat. Bella Thorne - Salad Dressing,3 November 2017,"575,127",17.5K,"2,386",Dubstep
522,Hometown ft. Kel C,5 October 2015,"325,082","2,904",246,ldleking
523,"LIL CE & BLACKA - ""L·ª¨A T√ÄN"" (feat. M√àO)",14 February 2018,"499,120","4,137",264,Hip Hop
524,Kakashi - Water (Prod. by Ôº¨Ôº°Ôº≤Ôº≤Ôº©Ôº°.),16 November 2016,"442,487","5,147",515,Hip-hop & Rap
525,Up In The Hills ( Pretty Lost World- Feat Kim Chi Sun and Sol7 of DCOD),25 December 2018,"609,608","5,743",330,Hip-hop & Rap
526,xAnAx (*** ƒêau ƒê·∫ßu)- V$oul x Young H x P.shi x Roy P,9 September 2015,"732,151","6,465",779,Emotion
527,(1 4 0 1) chi the xem em la qua khu - PhuBinh,3 April 2021,"936,333","2,607",40,Indie
528,Tell Ur Mom II - Winno (ft Heily),18 June 2021,"1,757,380",26.2K,663,Piano
529,Ko phai trai pho - chELL,17 June 2021,"9,143",118,5,Boombap
530,Em Kh√¥ng Th·ªÉ - TI√äN TI√äN x TOULIVER,26 October 2018,"890,152","7,594",425,Dance & EDM
531,XESI x HOAPROX - V√î T√åNH,22 September 2018,"2,470,856",25.6K,"1,228",votinh #xesi #hoaprox
532,t√¨nh ƒë·∫Øng nh∆∞ ly c√† ph√™ - n√¢n. v√† Ng∆°,1 April 2018,"8,975,206",97.7K,"5,038",R&B & Soul
533,L·∫† L√ôNG - V≈©. (Original),24 December 2016,"10,305,887",110K,"8,642",None
534,ƒêen X Kimmese X Lynk Lee - Mashup Rapcoustic 4,21 August 2018,"2,197,017",15.4K,569,None
535,Tell Ur Mom II - Winno (ft Heily),18 June 2021,"1,757,404",26.2K,663,Piano
536,"NIGHT - WAVY, XOLITXO, DA/MD, DUSTIN NG√î",20 November 2020,"1,047,904",10.5K,280,Trap
537,'tim em ko k√≥ m·ªôt ƒë∆∞·ªùng n√†o' - Winno (ft Heily),22 August 2020,"1,956,642",14K,None,None
538,PERUCITY,11 June 2021,"88,987","1,460",94,World
539,"REX - 5050 (feat. HIEUTHUHAI, HURRYKNG & MANBO)",23 May 2021,"69,836","1,123",44,Hip-hop & Rap
540,HS ROBE - FORREST GUMP (UNOFFICIAL),14 September 2020,"739,312","8,043",293,Hip-hop & Rap
541,LUFFY/19 - Chiulinh ft. Robe (Available on Spotify),7 January 2020,"1,108,670",12.1K,401,None
542,SAY NO - YUNO BIGBOI ft ROBE (UNOFFICIAL),20 January 2021,"674,246","6,192",125,None
543,(unreleased) V·∫≠n T·ªëc √Ånh S√°ng feat ROBE -leak- (prod.Chiulinh).mp3,17 January 2021,"354,608","3,946",106,None
544,HUSTLANG Robber - REMEMBER ?,18 March 2021,"44,975",560,11,None
545,Space ft. JERHELL [prod. SuecoTheChild] (SPOTIFY LINK IN BIO),6 August 2019,"365,293","3,106",158,Indie
546,KOBE 24,1 April 2020,"118,695","1,951",75,Hip-hop & Rap
547,5 PACK,12 April 2020,"165,324","2,838",141,Hip-hop & Rap
548,MISS U,15 February 2020,"67,908","2,043",37,Alternative Rock
549,Handstand - ft. JERHELL & Ryan Librada (prod. SuecoTheChild),23 August 2019,"153,791","2,763",117,R&B & Soul
550,TINH IU MCK TLINH,7 January 2021,"60,157",373,12,None
551,"tlinh - Rebound, Strip ‚Äòem Down, G√°i ƒê·ªôc Th√¢n [LIVE]",7 October 2020,"383,723","5,220",127,Hip-hop & Rap
552,H√£y Kh√≥c Tr√™n Vai Anh - Uni5,24 June 2019,"75,626",704,23,Hip-hop & Rap
553,N·∫øu Ng√†y Mai T√¥i Kh√¥ng Tr·ªü V·ªÅ (Official Audio),20 November 2020,"86,821","1,644",97,None
554,N·∫ÆNG - MANBO X CHANEE,24 October 2020,"128,956","1,507",77,R&B & Soul
555,.,3 July 2021,15,1,None,None
556,Lowkey & Lonely - BlackGoku,14 November 2020,"21,105",306,18,Alternative Rock
557,IMPH√äTAMIN - jimmi ng·ªß y√™n,12 November 2020,"464,908","5,719",264,IMPH√äTAMIN
558,emkhiencontimtachetdi.mp3,30 November 2020,"42,407",695,18,R&B & Soul
559,Vsoul - Still Be Me ( prod. NGUYENHONGGIANG ),9 November 2019,"249,941","2,325",84,giangrecords
560,Ch·∫øt ƒêi Cho R·ªìi - Cam & Qu·ª≥nh,23 July 2017,"980,006",11.9K,909,Hip-hop & Rap
561,[ Offical Audio ] Gh√© qua - Dick Ft. PC N ToFu,10 December 2017,"4,933,239",41.3K,"1,974",Hip-hop & Rap
562,TOFU x URABE x XESI - Qua Nh·ªØng Ti·∫øng Ve ft VoVanDuc,31 May 2017,"1,229,008","9,607",806,Rap & HipHop
563,.,3 July 2021,15,1,None,None
564,Th∆∞ G·ª≠i Ph·ª• Huynh (feat. Emma & davis),2 October 2019,"105,499",734,20,Alternative
565,"Ngh√¨n l·∫Ω, m·ªôt ƒë√™m - Winno (prodEast)",3 June 2019,"124,771","1,651",None,None
566,[DCOD] NGTANOISE (Ng∆∞·ªùi ta n√≥i - remake) | VSOUL x MFREE x TUYEN VO|,16 July 2019,"5,045,072",44.1K,"1,291",None
567,GROWN UP - H$ ROBE (Prod. Twentyfo),3 December 2020,"202,819","1,993",57,Hip-hop & Rap
568,Fancy - Winno (prod.aloha),29 March 2020,"1,582,368",13.5K,None,None
569,THIS IS MY FRIENDS I HBOBLUEFIRE x WINNO x JBEE7 x TCAIN x ROKI x BILLY 100 (PROD. GOKU BEATS),4 May 2021,"42,407",520,21,None
570,Illusionize - Desande,1 February 2019,"314,564","7,138",218,ELEVATION
571,Tommy T√®o - yongboi si t√¨nh mu·ªën 1 m√¨nh th√™m 1 ƒë√™m n·ªØa th√¥i,14 February 2021,"934,542","8,472",443,None
572,mai - jimmi ng·ªßy√™n x michael h∆∞ ƒë·ªën (video lyric below),6 January 2021,"524,856","7,405",287,R&B & Soul
573,(unreleased) V·∫≠n T·ªëc √Ånh S√°ng feat ROBE -leak- (prod.Chiulinh).mp3,17 January 2021,"354,612","3,946",106,None
574,FORREST GUMP - HUSTLANG RECORD (unofficial version),3 October 2020,"163,901","1,762",57,Entertainment
575,w a t e r - Robe x Sol,18 December 2016,"227,059","1,950",126,Hip-hop & Rap
576,W A V E S - Sol,8 June 2017,"212,693","2,154",174,None
577,Ph√∫t Ban ƒê·∫ßu - V≈©.( Original ),26 February 2015,"6,288,800",66.4K,"6,433",acoustic #pop
578,L·∫† L√ôNG - V≈©. (Original),24 December 2016,"10,305,900",110K,"8,642",None
579,ƒê√îNG KI·∫æM EM / V≈©. (Original),4 February 2016,"8,343,726",91.1K,"6,373",suytulungtung
580,Breakfast Verse - GDucky,20 February 2021,"831,743","6,348",266,None
581,Ch√∫ng Ta Sau N√†y (Lofi) - Freak D,19 February 2021,"2,824,791",23.7K,576,None
582,Kh√≥i - anh th√®m ƒë∆∞·ª£c ng·ªß //Official,18 February 2021,"706,059","5,067",253,Hip-hop & Rap
583,3107 - 2 (Lofi Ver. Pro ThanhHuy) - D∆∞∆°ngg x N√¢u x W/N,20 February 2021,"55,946",438,18,Indie
584,MCK & tlinh - D·ªÖ -,14 February 2021,"331,760","3,307",94,None
585,No L/Ch·∫≥ng gi·ªëng gi√°ng sinh (remake) - MCK prod. datfitzx,24 December 2020,"2,150,582",13.3K,487,R&B & Soul
586,ƒë∆∞·ªùng v√†o tim em l·∫Øm l√∫iii,3 February 2020,"999,109",12.3K,515,Indie
587,IEU IEM QUA DONG TIN NHAN - Ng∆° & n√¢n. (Demo),6 April 2018,"2,375,620",27.6K,"1,596",Indie
588,ANH ƒê√É QUEN ·ªû B√äN C·∫†NH EM (demo ),9 April 2018,"1,382,372",16.4K,889,Indie
589,Cover - Ph√≥ng Em L√™n Cung TrƒÉng (Fly Me To The Moon - Frank Sinatra) -,10 October 2019,"346,306","3,653",565,Jazz & Blues
590,Tell Ur Mom II - Winno (ft Heily),18 June 2021,"1,757,549",26.2K,663,Piano
591,Tr√≤ ƒê√πa - Quang ƒêƒÉng Tr·∫ßn X Ch√¢u Kh·∫£i Phong,28 April 2020,"532,007","3,243",142,Pop
592,WREN EVANS - Th√≠ch Em H∆°i Nhi·ªÅu,24 June 2021,"4,188,748",42.3K,925,None
593,Rapitalove EP| Tay To - RPT MCK x RPT PhongKhin (Prod. by RPT PhongKhin),6 April 2021,"7,680,563",71.5K,"2,527",R&B & Soul
594,MCK Demo,6 December 2020,"2,166",13,None,Hip-hop & Rap
595,HUSTLANG Robber - Remember,19 April 2021,"34,745",624,26,Hip-hop & Rap
596,C√°t Chi Freestyle ft HUSTLANG Heily,19 April 2021,"49,699",727,28,Hip-hop & Rap
597,HU$TLANG ROBBER - ROBE DISSIN,19 April 2021,"68,914","1,203",36,Hip-hop & Rap
598,ƒê∆†N C√îI FT SOULJU,19 April 2021,"216,354","2,972",86,Hip-hop & Rap
599,# About Us - Summer V x Seachains,22 March 2017,"179,375","1,699",186,R&B & Soul
600,"""K"" | VK x VicD x Kristin",24 February 2017,"502,452","4,324",507,Hip-hop & Rap
601,Conme - Koo x Boyzed,11 March 2017,"830,312","7,094",690,None
602,One Night - Koo ft. Boyzed ( Instrumental by Andiez ),3 September 2017,"415,836","3,297",419,None
603,Over,30 October 2016,"17,245",127,21,Hip-hop & Rap
604,t√¨nh y√™u nh·ªè tr√™n bi·ªÉn ƒë·ªè - It's Huy ft. Chi P√©oo (Prod. by New$oulz),5 October 2019,"571,764","4,545",154,Soundtrack
605,"Gh√© ThƒÉm - ƒêen ft JGKiD, Kimmese, Linh C√°o",28 August 2016,"698,179","5,413",374,None
606,One Wish - Ray J,3 September 2013,"4,039,285",61.7K,"1,324",None
607,Ai bi·∫øt - WEAN,1 September 2019,"6,528,853",58.9K,"1,954",None
608,WEAN - She Said ( Official Lyric Video ) ft. NAOMI,7 October 2018,"4,991,753",43.9K,"1,991",Hip-hop & Rap
609,Anh Bi·∫øt - X√°m x D.Blue,2 September 2019,"4,446,320",38.6K,"1,374",Hip-hop & Rap
610,WEAN - She Said ( Official Lyric Video ) ft. NAOMI,7 October 2018,"4,991,753",43.9K,"1,991",Hip-hop & Rap
611,th√¨ em kh√¥ng bi·∫øt - kh√≥i (w. xu√¢n h∆∞∆°ng),22 June 2020,"335,957","2,276",123,kh√≥i
612,NEGAV - -23 - 59- ( Ft V#),8 October 2018,"1,309,069",11.6K,419,None
613,CAN GI HON? - TIEN TIEN x JUSTATEE,10 March 2020,"9,126,931",35.3K,907,R&B & Soul
614,Ng∆∞·ªùi Ch∆°i H·ªá ƒê·∫πp - 16 Typh (Cukak Remix) [Official],17 June 2021,"1,463,516",16.5K,364,Dance & EDM
615,Tell Ur Mom II - Winno (ft Heily),18 June 2021,"1,757,643",26.2K,663,Piano
616,TH√çCH EM H∆†I NHI·ªÄU - WREN EVANS | Feliks Alvin Remix,22 June 2021,"488,078","4,351",111,Future Bass
617,[HiddenGem Mixtape] ep.7 - J Cole N√≥i - B Ray,15 June 2021,"216,261","2,325",59,None
618,U Know ! Bae - Koo ft Boyz,25 April 2016,"352,374","3,226",453,None
619,B√™n Anh - NeoD,31 May 2016,"128,274","1,035",147,neod #gfamily #coupleneotho
620,"t∆° duy√™n l·ª° ƒë·ª©t ƒëi r·ªìi, c√≥ n·ªëi l·∫°i ƒëc k em?",5 September 2017,"71,756",702,85,Hip-hop & Rap
621,ƒê∆∞a Nhau ƒêi Tr·ªën [ƒêEN - Linh C√°o] - Chill Version,11 September 2015,"1,525,452","9,068",712,ƒêen
622,Ai Ch·ªù Ai - FloD Ft. M! (Prod. By Dizzla D),27 May 2016,"4,036,916",28.5K,"1,819",Hip-hop & Rap
623,ƒêi·ªÅu tuy·ªát v·ªùi nh·∫•t - Andiez x Summer x Seachains,10 February 2017,"546,067","5,075",602,None
624,N√†y em ∆°i - Joy Bleu | (Cover.),20 September 2017,"169,532","1,974",165,None
625,B√†i h√°t c·ªßa em - Trang,4 November 2017,"1,572,420",17.9K,968,Classical
626,Tr√† S·ªØa - Qu√Ωt&Nho (cover by M·∫∑n band),8 March 2018,"47,450",566,47,Indie
627,Cho T√¥i Lang Thang,8 March 2017,"3,408,321",36K,"2,829",Indie
628,"ƒêen - Ng√†y Kh√°c L·∫° ft. Giang Ph·∫°m, Triple D",23 February 2018,"2,938,240",26.7K,"1,536",Hip-hop & Rap
629,ƒêen - M∆∞a Tr√™n Nh·ªØng M√°i T√¥n ft. Kaang (Prod. By Maxbenderz),30 August 2016,"1,634,417",12.7K,768,Hip-hop & Rap
630,Loving You Sunny - Kimmese Ft ƒêen ( Prod.by Touliver & JustaTee ),23 May 2017,"15,539,366",75.5K,"3,182",R&B & Soul
631,Th·∫ø Th√¥i - H·∫£i S√¢m,19 July 2018,"3,834,307",40.2K,"2,359",Indie
632,HS ROBE - FORREST GUMP (UNOFFICIAL),14 September 2020,"739,325","8,043",293,Hip-hop & Rap
633,Tell Ur Mom II - Winno (ft Heily),18 June 2021,"1,757,686",26.2K,663,Piano
634,Ch·∫≥ng Th·ªÉ Bi·∫øt Sol7 Ft Young Tulo,21 June 2021,"114,541","1,458",22,R&B
635,Shotta Flow,28 March 2019,"942,678",10.6K,156,Hip-hop & Rap
636,"CH∆†I (rmx) Hieuthuhai - Ft. Manbo, Billy100 x LVK",4 June 2020,"3,122,463",26.7K,"1,021",Trap
637,Okeokeoke | Low G | Nh√† H√≥a H·ªçc ƒê·ªëng ƒêa,23 December 2020,"2,306,008",22.6K,475,None
638,Flexin' tr√™n Circle K | Low G (Prod. Jadu Jadu),19 September 2019,"2,774,108",32.2K,845,Hip-hop & Rap
639,Tage - L·ªõp 13 (Offical Audio),15 May 2020,"3,903,434",31.4K,"1,301",Hip-hop & Rap
640,Ch√°n G√°i 707 - Low G - Rap Nh√† L√†m,19 February 2021,"21,455",298,8,None
641,Ng∆∞·ªùi Ch∆°i H·ªá ƒê·∫πp - 16 Typh (Cukak Remix) [Official],17 June 2021,"1,463,520",16.5K,364,Dance & EDM
642,"gap nhau, ben nhau, la y troi",19 June 2021,"692,040","4,738",203,Indie
643,Tell Ur Mom II - Winno (ft Heily),18 June 2021,"1,757,717",26.2K,663,Piano
644,TH√çCH EM H∆†I NHI·ªÄU - WREN EVANS | Feliks Alvin Remix,22 June 2021,"488,078","4,351",111,Future Bass
645,[HiddenGem Mixtape] ep.7 - J Cole N√≥i - B Ray,15 June 2021,"216,262","2,325",59,None
646,"BLACKA - ""C√ì QU√Å NHI·ªÄU PHI·ªÄN LO"" (FEAT. CAM)",14 December 2016,"1,147,288",11.5K,"1,087",Hip-hop & Rap
647,"Blacka - ""Nghi·ªán M√† Ng·∫°i"" (Prod by Lil'Ce)",23 May 2018,"451,439","3,594",215,Hip-hop & Rap
648,NH·ªÆNG CON ƒê√ÄN B√Ä Ft UY√äN P√çM (B·ªÜT BAND) - BLACKA - CAM - T√ÅO,23 October 2018,"964,176","8,713",450,None
649,Anh ƒê√£ T·ª´ng Y√™u - Blacka ft Zephyr a.ka Dr.JC n B.0.7,29 April 2019,"395,122","4,028",185,Hip-hop & Rap
650,N·∫øu Nh∆∞ ƒê√¢y L√† Th·ª© M√†y Mu·ªën - Blacka ft Nigg16 (Pro.Locies),2 February 2019,"610,163","5,878",228,Trap
651,-237¬∞C - HIEUTHUHAI x LOWNA,11 November 2019,"790,628",11.1K,321,Hip-hop & Rap
652,"""matchanah"" - h√≠u x b√¢u",14 March 2021,"3,184,002",34.3K,811,Indie
653,Honey -AnhVu (Prod By Goku Beats),3 June 2021,"1,749,403",15K,249,None
654,Nothing on You-Barry Brizzy,14 March 2021,"1,671,368",23.5K,560,None
655,Why?,26 January 2018,"12,232,264",170K,"4,814",R&B & Soul
656,OOHYO(Ïö∞Ìö®) - 06 Teddy Bear Rises,14 May 2014,"1,407,059",21K,"1,252",Synthpop
657,Em C√≥ C√≤n D√πng S·ªë N√†y Kh√¥ng Thai Dinh,12 April 2019,"2,819,915",26.8K,872,None
658,Kh√¥ng C√≤n L√† C·ªßa Nhau - Thai Dinh,1 September 2018,"653,302","7,780",509,None
659,ƒêi·ªÅu Ch∆∞a N√≥i - Thai Dinh,14 November 2016,"405,108","4,265",432,Indie
660,ƒê·ª´ng V√¨ Anh M√† Kh√≥c - Quang H√πng MasterD,21 December 2019,"1,855,773",14K,492,None
661,stuck with you,2 August 2020,"45,568","1,070",48,R&B
662,Khong Ten Cover,5 October 2016,"754,287","5,430",325,None
663,"Kewtiie, willistic - WHAT YOU DOIN?",14 February 2019,"390,288","4,213",247,Hip-hop & Rap
664,Where are you bae? make make make make me,23 June 2017,"316,358","3,520",231,None
665,"anh dua tay giu lay nhung nam tro tan, nhung em khong bao gio biet",24 June 2020,"841,840","8,041",270,adtglnntt
666,XOLITXO *LEMON TREE4,13 March 2021,"71,526","1,357",74,None
667,kidsai - GIAYPHUT,6 August 2021,"161,117","4,038",None,None
668,h0ld h4nds - 40kah ( prod. RedRain ),27 July 2021,240,9,1,None
669,M·ªπ Anh challenge,28 July 2021,"369,395","6,821",253,R&B & Soul
670,Lil Roff - HOPELESS (ft. Dewie),4 June 2021,"89,432","1,519",68,Hip-hop & Rap
671,Ng·∫´u Nhi√™n - PC Ft. Tofu ( Prod. Vovanduc ),18 October 2018,"600,975","4,676",212,Hip-hop & Rap
672,[ Official Audio ] Hat Cho Nhung Pho Phuong - PC,3 January 2018,"729,851","5,710",334,Hip-hop & Rap
673,Thanh √Çm Bu·ªìn B√£ - Obito (Ft. Big H ),5 September 2017,"394,975","2,816",263,Hip-hop & Rap
674,Mask Off rmx - P$mall x Sol x Kaka$hi x Yuno,8 June 2017,"610,001","5,416",473,rmx
675,w a t e r - Robe x Sol,18 December 2016,"227,059","1,950",126,Hip-hop & Rap
676,ƒê∆°n ph∆∞∆°ng - VSoul x New$oulZ,5 January 2018,"495,481","4,346",230,Hip-hop & Rap
677,[DCOD] NGTANOISE (Ng∆∞·ªùi ta n√≥i - remake) | VSOUL x MFREE x TUYEN VO|,16 July 2019,"5,045,207",44.1K,"1,291",None
678,DOSE CO AI??? - VSoul / NiN :'),24 August 2020,"158,663","1,906",53,None
679,emkhiencontimtachetdi.mp3,30 November 2020,"42,408",695,18,R&B & Soul
680,üéÑLast ChristmasüéÑ-Vsoul ft. Robe & Chiulinh,26 December 2020,"78,572",991,24,Hip-hop & Rap
681,Tell Ur Mom II - Winno (ft Heily),18 June 2021,"1,757,824",26.2K,663,Piano
682,Bad Performance - Coldzy (Clean & Clear Audio),10 March 2021,"164,997","1,600",22,Hip-hop & Rap
683,Ch·∫≥ng Th·ªÉ Bi·∫øt Sol7 Ft Young Tulo,21 June 2021,"114,544","1,458",22,R&B
684,"Coldzy - If You Said So ft. Wxrdie, 2Pillz",6 June 2021,"301,407","3,525",63,Trap
685,Splash (feat. Moneybagg Yo),11 June 2021,"895,875",19.4K,382,Hip-hop & Rap
686,Tommy feat MCK Alaba trap,17 March 2021,"1,392,628",12.7K,347,rap
687,Eyes - GDucky,28 September 2020,"921,863","2,711",79,None
688,"anh b·ªè thu·ªëc ch∆∞a- 16 Typh , RapVi·ªát.",23 August 2020,"763,207","4,536",141,None
689,Tinh Hinh Thoi Tiet (Tinh Thoi Xot Xa) | AK49 x HQH x TLinh,27 September 2020,"1,360,241","4,960",119,None
690,Anh ƒë√£ x√¢y c·∫£ t√≤a l√¢u ƒë√†i - Nasty5 ft. X√°m (Prod. Aloha),25 August 2020,"501,679","4,011",150,Hip-hop & Rap
691,Gh√© Qua (Chill Ver.),20 March 2018,"359,500","2,681",184,None
692,V·ªÅ B√™n Anh - Jack G5R,13 October 2018,"3,371,758",22.6K,"1,096",None
693,Krush On You - Sea Chains (Prod. by PDUB),14 November 2017,"281,947","2,710",192,Hip-hop & Rap
694,Ng·∫´u Nhi√™n - PC Ft. Tofu ( Prod. Vovanduc ),18 October 2018,"600,975","4,676",212,Hip-hop & Rap
695,1NG - Ai ƒê∆∞a Em V·ªÅ (Prod. Square Beats),8 October 2018,"2,118,354",15.1K,571,R&B & Soul
696,Tommy T√®o - yongboi si t√¨nh mu·ªën 1 m√¨nh th√™m 1 ƒë√™m n·ªØa th√¥i,14 February 2021,"934,546","8,472",443,None
697,LAVIAI (REMIX) ft. HIEUTHUHAI & 2PILLZ,24 March 2020,"1,560,289",16.4K,698,Alternative Rock
698,With Chu - Word ft. HD,5 July 2018,"226,609","2,465",159,Trap
699,Fancy - Winno (prod.aloha),29 March 2020,"1,582,379",13.5K,None,None
700,'tim em ko k√≥ m·ªôt ƒë∆∞·ªùng n√†o' - Winno (ft Heily),22 August 2020,"1,956,662",14K,None,None
701,"Bruno Mars - That's What i Like (Jayden Harris, Aka JAYDEN KOERT Remix)",5 March 2017,"3,075,432",21.9K,737,Trap
702,Leave The Door Open (Lovers & Friends Edit),9 April 2021,"127,032","3,532",95,R&B & Soul
703,Ch√°n G√°i 707 | Low G |,19 January 2021,"1,279,114",17.6K,373,None
704,T√°n G√°i 606 | Low G | Rap Nh√† L√†m,2 April 2020,"1,183,043",15.9K,438,Hip-hop & Rap
705,ƒê·ª´ng G·ªçi Anh D·∫≠y - Ph√∫c Du,4 June 2021,"387,142","4,127",172,Hip-hop & Rap
706,COTANOI(TRUST NO BADGIRL) - LIMITLESS ft MADXÃ£Ã£(Prod. by LIMITLESS),24 January 2020,"61,210",816,43,Hip-hop & Rap
707,Tell Em,28 May 2021,"15,471,790",243K,None,Rap
708,Nothing in your eyes 2 - Bao Thy ft MrT & Yanbi,20 March 2012,"223,133","1,562",35,None
709,Tell Ur Mom II - Winno (ft Heily),18 June 2021,"1,757,904",26.2K,663,Piano
710,Lavender Rose - Minh L√™ ft. Gi√°o s∆∞ P,11 April 2020,"149,006","1,393",39,Hip-hop & Rap
711,"RUSH HOUR - DA/MD , LEFT HAND",23 November 2020,"66,788","1,264",86,Hip-hop & Rap
712,Nh√¨n K√¨a K·ªâ Ni·ªám X∆∞a - Young Milo,25 November 2020,"91,461","1,085",72,None
713,[DCOD] NGTANOISE (Ng∆∞·ªùi ta n√≥i - remake) | VSOUL x MFREE x TUYEN VO|,16 July 2019,"5,045,250",44.1K,"1,291",None
714,ANRE - YOUNGBOI SI T√åNH MU·ªêN 1 M√åNH TH√äM 1 ƒê√äM N·ªÆA THOY (REMIX) ft. NHTKIEN,4 March 2021,"63,264",630,26,Hip-hop & Rap
715,TR√ç TR√Å - WXRDIE X NCLOWNZ,10 April 2021,"72,950","1,082",20,None
716,Girls Like You - Maroon 5( 4DUQUE REMIX),11 June 2018,"1,205,836",15.1K,342,Dance e EDM
717,Reality (Feat. Janieck Devy),18 May 2015,"17,162,331",251K,26.3K,Indie Dance
718,XESI x HOAPROX - V√î T√åNH,22 September 2018,"2,470,864",25.6K,"1,228",votinh #xesi #hoaprox
719,[ Lyrics ] Kh√¥ng C√≥ ƒê√πa ƒê√¢u - ƒê·∫°t G - B√†i,7 October 2018,"67,690",545,36,None
720,M√£i Kh√¥ng R·ªùi Xa ( Acoustic Version ) - Ku L√¢m (Prod. by Yobo Ho√†ng Anh),12 June 2018,"30,797",292,16,None
721,THE SHEEP - Love Me More (Thomiz Remix),14 February 2021,"5,772",282,144,Slap Deep
722,OOH JUST YOU ~ L√ä THI·ªÜN HI·∫æU (CuD x Cloud5 Mix),16 December 2020,"2,131,582",17.4K,380,Dance & EDM
723,"HIEUTHUHAI, HURRYKNG, MANBO - 1-800-LOVE (produced by Kado)(Official Audio)",23 August 2020,"1,011,396","9,558",225,Hip-hop & Rap
724,#406 TOUCH - Dzy ft. Gacloey,27 December 2019,"236,680","1,473",26,R&B & Soul
725,EM KH√îNG BI·∫æT N·ªÆA | Minh Huy x TRUC x Kho√°ng (OFFICIAL),27 February 2020,"372,751","4,787",132,None
726,Tell Ur Mom II - Winno (ft Heily),18 June 2021,"1,757,956",26.2K,663,Piano
727,N·∫ÆNG ƒê√É L√ÄM M√Å EM TH√äM H·ªíNG [ Acoustic Piano Ver ],6 September 2019,"7,913,049",43.8K,"1,280",Indie
728,idontwannaletugo / WaVy ft. xolitxo,13 May 2018,"313,924","3,385",236,trvp
729,"LOOP - Coldzy (feat. TO$KA, Left Hand)",6 December 2019,"1,176,343",11.7K,461,Pop
730,419 - wAvy ft. xolitxo,12 December 2017,"543,679","7,527",320,vntrap
731,Ch·ªù Em - Trung G√£y ( Mix Master : Vy Diablo ),1 May 2021,"8,517",71,2,Hip-hop & Rap
732,Last Chance - Teddy x Yungboy Sitinh x Melio,1 May 2021,"8,735",74,3,Hip-hop & Rap
733,HS ROBE - FORREST GUMP (UNOFFICIAL),14 September 2020,"739,342","8,043",293,Hip-hop & Rap
734,GROWN UP - H$ ROBE (Prod. Twentyfo),3 December 2020,"202,822","1,993",57,Hip-hop & Rap
735,(unreleased) V·∫≠n T·ªëc √Ånh S√°ng feat ROBE -leak- (prod.Chiulinh).mp3,17 January 2021,"354,618","3,946",106,None
736,POPPIN - H$ ROBE,30 December 2020,"174,856","1,908",40,None
737,PULL UP - ROBE (DCOD),12 June 2020,"146,496","1,557",40,None
738,ƒêen ft. Kimmese & JGKiD & LinhCao - Gh√© ThƒÉm (BeeBB Remix),17 February 2017,"189,525","1,424",157,Ph√≠ch
739,Tell Ur Mom II - Winno (ft Heily),18 June 2021,"1,758,007",26.2K,663,Piano
740,PLEASE4GETME | Ble$Hy x Wonnn x BiKay | (OFFICIAL AUDIO),9 June 2021,"35,294",197,11,Hip-hop & Rap
741,"Y2mate.com - ANH ·ªû ƒê√ÇY, EM ·ªû ƒê√ÇU - Nh·∫≠t Ho√†ng X Hennessy X MT Boiz",3 June 2020,"8,410",76,2,None
742,[mp3] Ph√≠a Sau Em - Kay Tr·∫ßn ft Binz,28 July 2015,"5,029,467",38.4K,"2,304",VietRap
743,T·∫≠n C√πng N·ªói Nh·ªõ- Will ft Han Sara,25 August 2018,"975,174","7,506",328,None
744,"Chuy·ªán T√¨nh L∆∞·ªõt Qua ( HONGKONG1 FULL ) - Nguy·ªÖn Tr·ªçng T√†i, Nguy·ªÖn Anh cover",22 September 2018,"2,474,472",21.2K,"1,716",None
745,Ma'crush (My crush) - sadthuseetjnk ft Chuy Blue,12 April 2018,"272,862","1,177",54,Classical
746,R·ªùi B·ªè - Ho√† Minzy | OFFICIAL,6 May 2018,"2,179,930",15.6K,756,Pop
747,ƒêen - m·ªôt tri·ªáu like ft. Th√†nh ƒê·ªìng,23 January 2020,"5,778,774",51.7K,"2,665",Hip-hop & Rap
748,ƒêen - M∆∞·ªùi NƒÉm ft. Ng·ªçc Linh (L·ªôn X·ªôn 3),8 February 2019,"5,832,869",51.7K,"2,599",Hip-hop & Rap
749,"ƒêen - Anh ƒê·∫øch C·∫ßn G√¨ Nhi·ªÅu Ngo√†i Em ft. V≈©., Th√†nh ƒê·ªìng",17 November 2018,"7,452,699",73.6K,"4,512",Hip-hop & Rap
750,ƒêen - ƒêi Theo B√≥ng M·∫∑t Tr·ªùi ft Giang Nguy·ªÖn,14 May 2017,"3,541,586",33.4K,"2,353",Hip-hop & Rap
751,"ƒêen - Ng√†y Kh√°c L·∫° ft. Giang Ph·∫°m, Triple D",23 February 2018,"2,938,247",26.7K,"1,536",Hip-hop & Rap
752,No L/Ch·∫≥ng gi·ªëng gi√°ng sinh (remake) - MCK prod. datfitzx,24 December 2020,"2,150,619",13.3K,487,R&B & Soul
753,Berlin,31 January 2020,"11,363,972",88.9K,"2,437",Pop
754,"C√¥ N√†ng Kh√°c Ng∆∞·ªùi (ft. Ng∆° aka. MCK, Wxrdie)",15 September 2019,"2,322,036",22.9K,624,Hip-hop & Rap
755,"C∆°m Nh√† L√†m | Rap Nh√† L√†m (Low G, ResQ, Ch√≠, Teddie Jay)",1 September 2019,"114,621","1,587",46,Hip-hop & Rap
756,Chung C∆∞ | Low G,24 June 2019,"315,341","4,526",249,Hip-hop & Rap
757,H√¥m Nay Em C∆∞·ªõi R·ªìi - Kh·∫£i ƒêƒÉng (Official Audio),22 September 2020,"2,018,982",17.2K,757,None
758,Tlinh - Th√≠ch Qu√° R√πi N√† ft. Trung Tr·∫ßn (prod by @rpt.phongkhin ),20 April 2020,"16,406,300",109K,"3,191",Pop
759,Rap Ch·∫≠m Th√¥i (#HNDCMM) - RPT MCK x RPT Orijinn ft. RZ Ma$ (Official Audio),17 June 2020,"7,339,709",64.1K,"2,825",Hip-hop & Rap
760,Ch·∫≥ng Th·ªÉ T√¨m ƒê∆∞·ª£c Em (Lofi),24 November 2020,"3,969,817",35.4K,871,None
761,N·ª£ Ai ƒê√≥ L·ªùi Xin L·ªói (Lofi Ver.) - Bozitt X Freak D,12 August 2020,"6,990,667",55.1K,"1,978",None
762,Tell Ur Mom II - Winno (ft Heily),18 June 2021,"1,758,073",26.2K,663,Piano
763,Say Em - QNT_ Refund Band,10 November 2020,"1,679,300",13.2K,250,None
764,DUYB & NOTAFRAID - H·∫æT NH·∫†C CON V·ªÄ Ft RZ Mas,15 April 2021,"3,780,823",30.2K,870,House
765,ON STREAM - Q.N.T (Prod. by Rastz),21 June 2021,"138,694",833,19,Hip-hop & Rap
766,Ph·ªë ƒê√£ L√™n ƒê√®n - Huy·ªÅn T√¢m M√¥n (Cukak Remix) [Official],16 June 2021,"3,886,490",34.7K,892,Dance & EDM
767,Bounce - Winno (#PoppinChallenge),2 May 2020,"98,314","1,064",29,Hip-hop & Rap
768,Tell Ur Mom II - Winno (ft Heily),18 June 2021,"1,758,097",26.2K,663,Piano
769,'tim em ko k√≥ m·ªôt ƒë∆∞·ªùng n√†o' - Winno (ft Heily),22 August 2020,"1,956,670",14K,None,None
770,Em 20 - Winno,3 December 2020,"2,412,519",18.9K,None,None
771,Fancy - Winno (prod.aloha),29 March 2020,"1,582,382",13.5K,None,None
772,NEGAV - -23 - 59- ( Ft V#),8 October 2018,"1,309,070",11.6K,419,None
773,babyboo - Negav,10 May 2020,"752,346","5,983",165,Hip-hop & Rap
774,sao tr√¥ng em l·∫°i nh∆∞ th·∫ø n√†y- negav,5 October 2020,"808,012","8,748",242,None
775,ƒê·ª´ng K·ªÉ Ai Nghe - D.Blue x 1nG,21 April 2020,"1,116,226",10K,181,Rap #Dblue
776,Tell Ur Mom II - Winno (ft Heily),18 June 2021,"1,758,118",26.2K,663,Piano
777,2. L√∫c ƒë√≥ - TH2 ft Hale,18 November 2016,"116,966",886,113,Hip-hop & Rap
778,M·∫Øt Bi·∫øc - TeA Ft PCGL (Prod. VoVanDuc ),13 July 2016,"1,917,107",15.1K,"1,483",Hip-hop & Rap
779,5. #M - PCGL Ft. Hale,27 November 2016,"652,930","4,278",540,Hip-hop & Rap
780,Ly do n√†o ƒë·ªÉ quay l·∫°i v·ªõi nhau - newsoulz,18 October 2017,"954,099","9,270",592,R&B & Soul
781,Ng√†y...Th√°ng...NƒÉm...- Tracy Cello,21 November 2016,"23,997",286,44,Hip-hop & Rap
782,OBITO - STU KING [WORLD PREMIERE] 84GRND,15 December 2020,"171,397","1,279",28,Trap
783,Boy M·ªπ Con - B Ray,14 October 2020,"298,863","1,963",55,None
784,Lil Wuyn x 16 Typh - Don't Waste My Time,18 November 2019,"3,300,820",27.3K,835,Hip-hop & Rap
785,KOO - ONE LOVE (Prod. by Boyzed),23 December 2020,"169,678","1,063",42,Hip-hop & Rap
786,MU·ªêN ƒê∆Ø·ª¢C C√ôNG EM' - FREAKY x CM1X (ft. QU·ª≤NH GAI),5 November 2020,"6,914,054",56.2K,"1,479",Indie
787,TH√çCH EM H∆†I NHI·ªÄU - WREN EVANS | Feliks Alvin Remix,22 June 2021,"488,084","4,351",111,Future Bass
788,Ng∆∞·ªùi Ch∆°i H·ªá ƒê·∫πp - 16 Typh (Cukak Remix) [Official],17 June 2021,"1,463,540",16.5K,364,Dance & EDM
789,th√≠ch em h∆°i nhi·ªÅu,23 June 2021,"230,245","1,988",41,None
790,Tell Ur Mom II - Winno (ft Heily),18 June 2021,"1,758,161",26.2K,663,Piano
791,PAR SG x New$oulZ - Ly Do Nao De Quay Lai Voi Nhau,2 March 2018,"3,881,283",36.5K,"1,898",None
792,4.Devil's Love - Tobiez ft Ntyn ( Prodby. 8ROKEBOY ),20 September 2019,"754,219","6,597",301,Hip-hop & Rap
793,L·∫¶N CU·ªêI (ƒëi b√™n em x√≥t xa ng∆∞·ªùi ∆°i),24 September 2019,"6,358,570",64.1K,"3,286",None
794,Baby Crush On You (#BCOY) - Ron Phan,26 December 2019,"720,267","3,993",89,Hip-hop & Rap
795,10 Ng√†n NƒÉm - PC,14 March 2020,"1,996,328",21.5K,723,None
796,Ocean M.O.B - Rap cho anh em rmx,30 January 2021,"503,608","4,977",109,Hip-hop & Rap
797,Ice Man-Sol7 ft MCK (Prod Yung Lando Yung Tago),2 March 2021,"681,031","4,214",142,None
798,"NIGHT - WAVY, XOLITXO, DA/MD, DUSTIN NG√î",20 November 2020,"1,047,938",10.5K,280,Trap
799,Li·ªÅu Thu·ªëc Cho Tr√°i Tim [Remake] - Nguy·ªÖn ƒê√¨nh V≈© ft. Neko,21 November 2019,"2,513,902",17.2K,865,None
800,Ng∆∞·ªùi Ta N√≥i - Neddee x Sou ( Prod. iam B ),12 January 2019,"385,028","4,128",188,Hip-hop & Rap
801,M√¢n c√¥i - Linh C√°o,2 November 2015,"1,011,163",11K,"1,237",Hoa
802,[UNK - T-DEMO] ƒê·∫ÆM - S.O,31 August 2015,"18,299",109,9,ƒê·∫Øm
803,"Love Is All We Need - quocboy, GO, Nah",19 June 2015,"586,249","3,589",370,"loveisallweneed , #nah #vietrap"
804,,14 May 2015,"889,693",14.6K,None,None
805,[FreeSpirit] Anh L√†m G√¨ ? - Jc Hung ft S.O,24 November 2013,"165,968",939,125,freespirit
806,24h - lyly ft. magazine (arrix & luxofons mix),28 December 2018,"1,645,642","9,833",192,Future Bass
807,Rapitalove EP| Tay To - RPT MCK x RPT PhongKhin (Prod. by RPT PhongKhin),6 April 2021,"7,680,719",71.5K,"2,527",R&B & Soul
808,TOULIVER X BINZ - GENE - 320K,13 May 2019,"995,187","6,462",172,Deep House
809,"C·∫¢M N·∫ÆNG - SUNI H·∫† LINH, R.TEE (COVER)",3 July 2018,"13,266",122,7,Pop
810,Ng∆∞·ªùi Ch∆°i H·ªá ƒê·∫πp - 16 Typh (Cukak Remix) [Official],17 June 2021,"1,463,544",16.5K,364,Dance & EDM
811,Ng∆∞·ªùi Ch∆°i H·ªá ƒê·∫πp - 16 Typh (Cukak Remix) [Official],17 June 2021,"1,463,544",16.5K,364,Dance & EDM
812,Tell Ur Mom II - Winno (ft Heily),18 June 2021,"1,758,234",26.2K,663,Piano
813,Ph·ªë ƒê√£ L√™n ƒê√®n - Huy·ªÅn T√¢m M√¥n (Cukak Remix) [Official],16 June 2021,"3,886,503",34.7K,892,Dance & EDM
814,Vi·ªát Deep - T·ª≠ng T·ª≠ng [Deep House] (LossLess),21 June 2021,"157,883","4,020",107,Deep House
815,The Reason To Love Me 12 : True Love,15 June 2021,"251,687",10.2K,277,NhiÃÅ Nh√¥ÃÅ
816,Sinh Ra ƒê√£ L√† Th·ª© ƒê·ªëi L·∫≠p Nhau Freak D Lofi Ver Emcee L Da LAB ft Badbie,22 January 2021,"7,325,816",57.5K,"1,542",None
817,3107-2 | DuongG x N√ÇU x W/N,17 February 2021,"6,095,545",57.9K,"1,850",None
818,Khi co don em nho ai,5 June 2018,"8,871,512",36.7K,"1,129",Pop
819,Tell Ur Mom II - Winno (ft Heily),18 June 2021,"1,758,256",26.2K,663,Piano
820,Broken Love - Hest ft MHT,21 February 2021,"202,681","1,580",45,Hip-hop & Rap
821,Hai T√°m B·ªën - Winno,3 May 2018,"1,545,399",10K,452,Hip-hop & Rap
822,Bae are flower | Haukong. (Prod.tainguyen),21 February 2021,"94,200",892,14,None
823,A.O.B.E - MinhLe ft. P The Melody,28 September 2020,"646,514","3,796",99,Melodic
824,X√≠ch Th√™m Ch√∫t - RPT Groovie ft TLinh x RPT MCK,18 April 2021,"2,780,294",27.9K,595,None
825,Berlin,31 January 2020,"11,364,001",88.9K,"2,437",Pop
826,Tlinh - Th√≠ch Qu√° R√πi N√† ft. Trung Tr·∫ßn (prod by @rpt.phongkhin ),20 April 2020,"16,406,375",109K,"3,191",Pop
827,"""T·ªëi"" Dkayz ft. Brian #GoAllDay (Official Audio )",25 May 2019,"3,330,405",30.9K,990,Hip-hop & Rap
828,OOH JUST YOU ~ L√ä THI·ªÜN HI·∫æU (CuD x Cloud5 Mix),16 December 2020,"2,131,600",17.4K,380,Dance & EDM
829,T√°o - Blue Tequila,2 November 2020,"2,498,717",31.2K,976,Hip-hop & Rap
830,T∆∞∆°ng t∆∞ - Clow x Flepy (ft. DarkC),26 October 2019,"3,743,983",36.5K,"1,089",None
831,t√¨nh ƒë·∫Øng nh∆∞ ly c√† ph√™ - n√¢n. v√† Ng∆°,1 April 2018,"8,975,253",97.7K,"5,038",R&B & Soul
832,Anh Bi·∫øt,12 July 2019,"1,920,813",24.3K,"1,202",Indie
833,IEU IEM QUA DONG TIN NHAN - Ng∆° & n√¢n. (Demo),6 April 2018,"2,375,638",27.6K,"1,596",Indie
834,TH√çCH EM H∆†I NHI·ªÄU - WREN EVANS | Feliks Alvin Remix,22 June 2021,"488,086","4,351",111,Future Bass
835,WREN EVANS - Th√≠ch Em H∆°i Nhi·ªÅu,24 June 2021,"4,188,926",42.3K,925,None
836,th√≠ch em h∆°i nhi·ªÅu,23 June 2021,"230,245","1,988",41,None
837,Ng∆∞·ªùi Ch∆°i H·ªá ƒê·∫πp - 16 Typh (Cukak Remix) [Official],17 June 2021,"1,463,549",16.5K,364,Dance & EDM
838,"gap nhau, ben nhau, la y troi",19 June 2021,"692,059","4,738",203,Indie
839,BTS (V) - Sweet Night (Ïù¥ÌÉúÏõê ÌÅ¥ÎùºÏì∞ - Itaewon Class OST Part 12),13 March 2020,"7,336,906",134K,"2,849",None
840,death bed | Feat. beabadoobee,10 February 2019,"54,401,975",841K,26.1K,Lofihiphop
841,T.I & Justin Timberlake Dead And Gone Ft Eminem,11 August 2013,"7,344,848",88.5K,"3,484",T.I
842,Nelly&kellyrowland-gone-cln.mp3,27 November 2010,"292,580","3,205",244,None
843,I Like It,6 April 2018,"48,024,832",737K,16.9K,Rap/Hip Hop
844,L√™ C√°t Tr·ªçng L√Ω - Ta H·ª©a S·∫Ω Nh·∫≠n Ra [Official],29 August 2016,"571,427","6,628",532,Pop
845,Seachains SLOW DOWN Ft. Summer Vee,23 March 2018,"1,416,511","9,055",416,Hip-hop & Rap
846,[SR-Writer] H·∫° V∆∞∆°ng - Andy OG x Ho√†ng Anh x H.Y,20 November 2017,"449,247","3,385",280,Hip-hop & Rap
847,V·∫°n S·ª± Do Duy√™n - Andy OG,4 June 2017,"414,495","2,978",281,Hip-hop & Rap
848,ƒêen - M∆∞·ªùi NƒÉm ft. Ng·ªçc Linh (L·ªôn X·ªôn 3),8 February 2019,"5,832,883",51.7K,"2,599",Hip-hop & Rap
849,B·ªì Em,25 December 2020,"727,287","6,159",118,None
850,Qu√° L√¢u - Vinh Khuat,5 October 2018,"4,471,390",28.7K,"1,155",Pop
851,muon duoc cung em & mat troi cua em-FREAKY X Ph√°o X QU·ª≤NH GAI,8 November 2020,"2,341,013",13.9K,258,muonduoccungem
852,ƒêEN ƒê√Å KH√îNG ƒê∆Ø·ªúNG (HIEUTHUHAI REMAKE),28 May 2019,"4,371,763",39.4K,951,Hip-hop & Rap
853,"Embietma - HIEUTHUHAI, KNG",18 July 2019,"5,333,341",22.4K,368,None
854,BABY EM C√ì MU·ªêN ƒê∆Ø·ª¢C HIGH - NIZ x KOO,11 April 2021,"427,948","3,125",60,Hip-hop & Rap
855,thanh,24 March 2020,"185,347","3,018",112,None
856,Novo Amor - Anchor,4 January 2016,"34,399,361",724K,27.3K,Folk
857,sharing an umbrella,2 September 2017,"710,824","8,453",242,Jazz & Blues
858,drivers license,10 January 2021,"215,084","6,348",66,edited
859,Ch·∫≥ng Th·ªÉ Bi·∫øt Sol7 Ft Young Tulo,21 June 2021,"114,554","1,458",22,R&B
860,HiddenGem Mixtape 6 Boomerang - B Ray (reup),17 January 2021,"24,268",298,3,None
861,[HiddenGem Mixtape] ep.7 - J Cole N√≥i - B Ray,15 June 2021,"216,273","2,325",59,None
862,KOO - ONE LOVE (Prod. by Boyzed),23 December 2020,"169,678","1,063",42,Hip-hop & Rap
863,N·∫Øng - MANBO & CHANEE,11 October 2020,"1,208,232",10.8K,330,Pop
864,Tell Ur Mom II - Winno (ft Heily),18 June 2021,"1,758,399",26.2K,663,Piano
865,Tell Ur Mom - B·ªáu x Winno ( Prod by Ocean Beats ),9 January 2019,"249,920","2,351",133,Kewt
866,Karma Montana - Light It Up (Prod. BTGrin),22 June 2021,"25,699",510,13,None
867,NoName - JustDakid,22 June 2021,"6,649",61,6,Hip-hop & Rap
868,Khi Em L·ªõn - anhisalone ft QAL (Guitar H√† Ki·ªÉm),22 June 2021,"8,191",108,5,None
869,Th·∫ø Gi·ªõi N√†o? - Th·∫ø Gi·ªõi N√†y | C·∫£m ∆°n 2 anh Nclownz v√† JasonDilla,24 June 2021,"16,889",322,13,Hip-hop & Rap
870,Ph√≤ng Tr·ªëng (Acoustic Live),22 June 2021,"10,152",171,6,Alternative Rock
871,N·∫ÆNG ƒê√É L√ÄM M√Å EM TH√äM H·ªíNG [ Acoustic Piano Ver ],6 September 2019,"7,913,097",43.8K,"1,280",Indie
872,Tlinh - Th√≠ch Qu√° R√πi N√† ft. Trung Tr·∫ßn (prod by @rpt.phongkhin ),20 April 2020,"16,406,417",109K,"3,191",Pop
873,ƒêEN ƒê√Å KH√îNG ƒê∆Ø·ªúNG (HIEUTHUHAI REMAKE),28 May 2019,"4,371,767",39.4K,951,Hip-hop & Rap
874,Daydream ‚Äî Soobin | Thaoboy Cover |[ lofi Chill ],13 June 2020,"372,673","2,008",32,None
875,·ªû l·∫°i ƒë√¢y - Clow x Karrot,26 August 2020,"486,084","4,989",112,None
876,Tell Ur Mom II - Winno (ft Heily),18 June 2021,"1,758,437",26.3K,663,Piano
877,23:40 - H√†o,27 January 2021,"340,960","5,359",159,Indie
878,L√Ä V√å DO ANH CH∆ØA ƒê·ª¶ T·ªêT HAY SAO - TH·∫ÆNG CON X THANH TY X MINH HUY,19 February 2021,"37,064",455,5,None
879,ƒêo·∫°n Tuy·ªát N√†ng ƒêi (Lofi Ver)- Ph√°t Huy T4 x Kprox,25 March 2021,"610,315","6,087",264,None
880,S√ÄI G√íN H√îM NAY M∆ØA (lofi ver. by VUX) - JSOL & HO√ÄNG DUY√äN,4 June 2021,"4,233,279",40.5K,"1,170",Pop
881,Ngay Khong Em unoffical - REX x DRT (happy valentine's dayüíï),15 February 2021,"61,858",634,30,Hip-hop & Rap
882,üéÅ [ TAY TO - RPT.MCK & RPT.PHONGKHIN REMAKE ],1 April 2021,"17,048",170,8,R&B
883,T√¨nh ƒê∆°n Ph∆∞∆°ng - Hennessy x Nh·∫≠t Ho√†ng,24 January 2021,"33,010",253,6,None
884,√Çm nh·∫°c d√†nh cho m√πa ƒë√¥ng - DeeSlowz,30 November 2020,"38,036",585,32,None
885,300 - nicoteens,31 January 2019,"262,454","2,524",133,Hip-hop & Rap
886,WREN EVANS - Th√≠ch Em H∆°i Nhi·ªÅu,24 June 2021,"4,188,972",42.3K,925,None
887,"gap nhau, ben nhau, la y troi",19 June 2021,"692,065","4,738",203,Indie
888,Ng∆∞·ªùi Ch∆°i H·ªá ƒê·∫πp - 16 Typh (Cukak Remix) [Official],17 June 2021,"1,463,562",16.5K,364,Dance & EDM
889,Tell Ur Mom II - Winno (ft Heily),18 June 2021,"1,758,481",26.3K,663,Piano
890,Ph·ªë ƒê√£ L√™n ƒê√®n - Huy·ªÅn T√¢m M√¥n (Cukak Remix) [Official],16 June 2021,"3,886,536",34.7K,892,Dance & EDM
891,"LOOP - Coldzy (feat. TO$KA, Left Hand)",6 December 2019,"1,176,361",11.7K,461,Pop
892,Coldzy X Wxrdie If You Said So But You Are In The Empty Mall,20 September 2020,"436,650","3,715",99,Hip-hop & Rap
893,[DCOD] NGTANOISE (Ng∆∞·ªùi ta n√≥i - remake) | VSOUL x MFREE x TUYEN VO|,16 July 2019,"5,045,448",44.1K,"1,291",None
894,SUY - nger,16 September 2020,"877,688","8,259",190,None
895,LAVIAI (REMIX) ft. HIEUTHUHAI & 2PILLZ,24 March 2020,"1,560,304",16.4K,698,Alternative Rock
896,th√≠ch em h∆°i nhi·ªÅu,23 June 2021,"230,245","1,988",41,None
897,"gap nhau, ben nhau, la y troi",19 June 2021,"692,068","4,738",203,Indie
898,Ng∆∞·ªùi Ch∆°i H·ªá ƒê·∫πp - 16 Typh (Cukak Remix) [Official],17 June 2021,"1,463,563",16.5K,364,Dance & EDM
899,Tell Ur Mom II - Winno (ft Heily),18 June 2021,"1,758,505",26.3K,None,Piano
900,'S√ÄI G√íN H√îM NAY M∆ØA' (CM1X LOFI VER.) - HO√ÄNG DUY√äN & JSOL,21 June 2021,"106,411","1,054",29,R&B & Soul
901,TH√ÄNH DRAW - SAO BOIZ ?!,16 September 2020,"52,244",507,8,Hip-hop & Rap
902,Roses Are Red ft xoLIT & willistic (prod by Lucid Vision),15 September 2017,"331,393","3,750",283,Trap
903,S a d D a y - Kaka$hi,29 October 2016,"201,349","2,321",198,Hip-hop & Rap
904,FORREST GUMP - HUSTLANG RECORD (unofficial version),3 October 2020,"163,912","1,762",57,Entertainment
905,LUFFY/19 - Chiulinh ft. Robe (Available on Spotify),7 January 2020,"1,108,700",12.1K,401,None
906,Ng√†y 1 ng∆∞·ªùi ƒëi xa- GiGi H∆∞∆°ng Giang x Koo x Machiot,27 April 2021,"241,421","1,439",38,None
907,S√ÄI G√íN H√îM NAY M∆ØA (lofi ver. by VUX) - JSOL & HO√ÄNG DUY√äN,4 June 2021,"4,233,287",40.5K,"1,170",Pop
908,(1 4 0 1) chi the xem em la qua khu - PhuBinh,3 April 2021,"936,348","2,607",40,Indie
909,M·ªôt B∆∞·ªõc Y√™u V·∫°n D·∫∑m ƒêau - Mr. Siro,14 March 2019,"1,503,646",13.5K,521,Pop
910,S·ªëng Xa Anh Ch·∫≥ng D·ªÖ D√†ng - B·∫£o Anh ft Mr Siro,15 November 2017,"1,678,005",13.5K,801,None
911,"ƒê√™m H√¥m Qua (Prod. Mykal Riley) - Sol7 x Roy P, Ricky Star & Pjpo",9 May 2016,"1,005,011","7,827",582,News & Politics
912,"Cypher3 ft. Black Murder, Pain, Sol7, Suboi, Datmaniac (prod by THAISON)",17 September 2014,"178,628","1,664",195,HipHop
913,Ng·∫Øn ng·ªßi - Sol7 ft LD - Kel C,30 July 2017,"146,372","1,673",46,Hip-hop & Rap
914,L∆∞·ªõt ƒêi Nhanh Ch√≥ng - Sol X Nigg X Yuno,6 July 2018,"245,363","1,983",93,None
915,DCOD - Tim Tao Dau Qua Man / OTƒê REMIX,21 June 2017,"397,279","3,465",334,Hip-hop & Rap
916,B·ªánh c·ªßa anh - Kh√≥i x Two,24 December 2015,"4,611,055",37.1K,"3,228",vietdreamerz
917,1001 L√ù DO - RICK,24 July 2019,"2,008,295",14.2K,417,Hip-hop & Rap
918,"ƒêen - Anh ƒê·∫øch C·∫ßn G√¨ Nhi·ªÅu Ngo√†i Em ft. V≈©., Th√†nh ƒê·ªìng",17 November 2018,"7,452,727",73.6K,"4,512",Hip-hop & Rap
919,PAR SG - with somebody else,23 August 2019,"302,016","2,815",72,None
920,L·∫† L√ôNG - V≈©. (Original),24 December 2016,"10,305,993",110K,"8,642",None
921,co bao gio tinh dep tua trong tranh?,1 April 2019,"1,358,222",13.6K,428,Hip-hop & Rap
922,ƒê·ª¢I CH·ªú - WANSENTAI FT. HARMONIE (PROD. JAYDEN),8 August 2020,"1,145,132","7,995",182,Pop
923,1001 L√ù DO - RICK,24 July 2019,"2,008,295",14.2K,417,Hip-hop & Rap
924,"LOOP - Coldzy (feat. TO$KA, Left Hand)",6 December 2019,"1,176,368",11.7K,461,Pop
925,PAR SG x Trashpaul - Goi Ten Em Di,11 March 2018,"1,331,295",12.3K,554,None
926,WREN EVANS - Th√≠ch Em H∆°i Nhi·ªÅu,24 June 2021,"4,189,013",42.3K,925,None
927,TH√çCH EM H∆†I NHI·ªÄU - WREN EVANS | Feliks Alvin Remix,22 June 2021,"488,090","4,351",111,Future Bass
928,th√≠ch em h∆°i nhi·ªÅu,23 June 2021,"230,245","1,988",41,None
929,"gap nhau, ben nhau, la y troi",19 June 2021,"692,071","4,738",203,Indie
930,H√¥m Nay Em C∆∞·ªõi R·ªìi (Lofi Ver.) - Kh·∫£i ƒêƒÉng x Freak D .mp3,6 December 2020,"1,451,244",10.9K,333,R&B & Soul
931,LING TH·ªé - ANH TA B·ªé EM R·ªíI (#ATBER) - H∆Ø∆†NG GIANG - Cover Guitar,7 November 2019,"330,460","1,452",46,Pop
932,Ch∆∞∆°ng 2 : M I S S | Peakrozes x Uy√™n [99Hustlers] x DinoBlack,17 February 2018,"175,985","1,406",152,Drum & Bass
933,V·ªÅ B√™n Anh - Jack G5R,13 October 2018,"3,371,767",22.6K,"1,096",None
934,Khong Ten,22 June 2018,"2,857,605",28.6K,"1,341",Hip-hop & Rap
935,X√≠ch Th√™m Ch√∫t - RPT Groovie ft TLinh x RPT MCK,18 April 2021,"2,780,357",27.9K,595,None
936,Tell Ur Mom II - Winno (ft Heily),18 June 2021,None,26.3K,663,Piano
937,Alaba Trap - Tommy T√®o x MCK,26 April 2021,"332,989","3,203",118,None
938,WREN EVANS - Th√≠ch Em H∆°i Nhi·ªÅu,24 June 2021,"4,189,027",42.3K,925,None
939,"C∆°n M∆∞a Qua (Young Uno, LK) - ACENS Cover",12 July 2018,"5,482,962",23K,720,"Chill, Lo-Fi"
940,Obito Ft. Hnhngan Live YOUR SMILE - Emma X Seachains X Obito,11 April 2021,"5,945,443",53K,"1,501",None
941,Berlin,31 January 2020,"11,364,048",88.9K,"2,438",Pop
942,Rapitalove EP| Tay To - RPT MCK x RPT PhongKhin (Prod. by RPT PhongKhin),6 April 2021,"7,680,816",71.5K,"2,527",R&B & Soul
943,X√≠ch Th√™m Ch√∫t - RPT Groovie ft TLinh x RPT MCK,18 April 2021,"2,780,365",27.9K,595,None
944,Asos Model Crush,12 November 2016,"268,674","5,316",821,mc
945,Petrichor,11 March 2017,"9,821",384,142,Future Chill
946,she left.,29 June 2019,"49,652",591,40,lofi
947,Juan RIOS ‚Ä¢ praia,2 December 2017,"793,949","6,580",407,NATURA EP
948,anh chang biet lieu se co ai do xoa di nhat nhoa mi em? - (music by hyuu),1 September 2018,"198,280","1,683",101,Hip-hop & Rap
949,Sinh Ra ƒê√£ L√† Th·ª© ƒê·ªëi L·∫≠p Nhau Freak D Lofi Ver Emcee L Da LAB ft Badbie,22 January 2021,"7,325,894",57.5K,"1,542",None
950,Tell Ur Mom II - Winno (ft Heily),18 June 2021,"1,758,647",26.3K,663,Piano
951,L·ª±a Ch·ªçn Mai Sau Lofi Ver SOBE x Freak,10 May 2021,"104,616",724,19,None
952,ƒê∆∞·ªùng T√¥i Ch·ªü Em V·ªÅ (Lofi ver.) - Buitruonglinh x Enderlazer,3 June 2021,"445,387","4,491",143,Lofi
953,Th·∫≠t L√† ƒê√°ng Bu·ªìn,22 June 2021,"140,027","1,439",28,None
954,Hai T√°m B·ªën - Winno,3 May 2018,"1,545,407",10K,452,Hip-hop & Rap
955,'tim em ko k√≥ m·ªôt ƒë∆∞·ªùng n√†o' - Winno (ft Heily),22 August 2020,"1,956,688",14K,None,None
956,Tell Ur Mom II - Winno (ft Heily),18 June 2021,"1,758,658",26.3K,663,Piano
957,Em 20 - Winno,3 December 2020,"2,412,578",18.9K,None,None
958,Bounce - Winno (#PoppinChallenge),2 May 2020,"98,315","1,064",29,Hip-hop & Rap
959,WREN EVANS - Th√≠ch Em H∆°i Nhi·ªÅu,24 June 2021,"4,189,049",42.3K,925,None
960,TH√çCH EM H∆†I NHI·ªÄU - WREN EVANS | Feliks Alvin Remix,22 June 2021,"488,090","4,351",111,Future Bass
961,th√≠ch em h∆°i nhi·ªÅu,23 June 2021,"230,245","1,988",41,None
962,Ng∆∞·ªùi Ch∆°i H·ªá ƒê·∫πp - 16 Typh (Cukak Remix) [Official],17 June 2021,"1,463,583",16.5K,364,Dance & EDM
963,Tell Ur Mom II - Winno (ft Heily),18 June 2021,"1,758,672",26.3K,663,Piano
964,C√≥,21 October 2018,"969,324","6,301",359,None
965,N√≥i ! - Key x Ch√∫c H·ª∑ x X√°m ( SGDOPEZ ),24 April 2018,"279,261","2,238",157,Hip-hop & Rap
966,Neunhuembuon Mixdown 1,6 December 2018,"556,145","3,172",163,Indie
967,Thi anh khong biet (Cuoc yeu sau - EP),9 November 2018,"1,190,834","8,372",399,None
968,16. WALLS,14 December 2018,"323,767","4,894",275,Electronic
969,Goosebumps - Travis Scott,2 November 2017,"24,144,860",340K,"5,256",None
970,highest in the room,13 August 2020,"128,467","2,971",31,edited
971,Con tim tao ƒëau qu√° man - Sol x Yuno x Kaka$hi,8 June 2017,"651,556","6,239",407,None
972,Th·ªù er (remix) - 16 BrT ft MCK Prod by Snowz,8 October 2020,"1,297,881",10.1K,260,None
973,(unreleased) V·∫≠n T·ªëc √Ånh S√°ng feat ROBE -leak- (prod.Chiulinh).mp3,17 January 2021,"354,631","3,946",106,None
974,Rapitalove EP| Tay To - RPT MCK x RPT PhongKhin (Prod. by RPT PhongKhin),6 April 2021,"7,680,836",71.5K,"2,527",R&B & Soul
975,ICEMAN - Sol7 ft MCK,4 March 2021,"1,724,534",16.3K,489,Hip-hop & Rap
976,fishy ft Tr√≠ D≈©ng - Forget me now,12 April 2021,"1,495,623",17K,550,Pop
977,Bao gi·ªù em ƒë·ªï? - Right,20 February 2019,"118,573","1,634",104,Hip-hop & Rap
978,No L/Ch·∫≥ng gi·ªëng gi√°ng sinh (remake) - MCK prod. datfitzx,24 December 2020,"2,150,648",13.3K,487,R&B & Soul
979,Tell Ur Mom II - Winno (ft Heily),18 June 2021,"1,758,719",26.3K,663,Piano
980,Khong Ten,22 June 2018,"2,857,615",28.6K,"1,341",Hip-hop & Rap
981,BADTRIP - RPT MCK (Prod. PHONGKHIN) [ DEMO ],7 May 2021,"112,225","1,072",61,None
982,XANGUTNGAN,5 May 2021,"348,285","5,141",None,None
983,Phin - 99999 ƒë√≥a h·ªìng,24 January 2021,"499,882","6,248",302,Alternative Rock
984,Tell Ur Mom II - Winno (ft Heily),18 June 2021,"1,758,729",26.3K,663,Piano
985,fishy ft Tr√≠ D≈©ng - Forget me now,12 April 2021,"1,495,627",17K,550,Pop
986,Hanoi n U - ƒêinh ƒê·ª©c Anh - DaFame | Hanoi n U Full | ƒêinh ƒê·ª©c Anh | H HanoinU Beat,22 November 2018,"1,407,850","8,179",468,Hip-hop & Rap
987,'tim em ko k√≥ m·ªôt ƒë∆∞·ªùng n√†o' - Winno (ft Heily),22 August 2020,"1,956,692",14K,None,None
988,Em 20 - Winno,3 December 2020,"2,412,590",18.9K,None,None
989,Nh·ªØng D√≤ng Tin Nh·∫Øn - Minh Huy ft Pinny,1 February 2019,"2,361,839",22.6K,851,None
990,Th√™m Bao Nhi√™u L√¢u - ƒê·∫°t G,10 January 2019,"923,497","6,185",268,None
991,Hanoi n U - ƒêinh ƒê·ª©c Anh - DaFame | Hanoi n U Full | ƒêinh ƒê·ª©c Anh | H HanoinU Beat,22 November 2018,"1,407,850","8,179",468,Hip-hop & Rap
992,Rick Ft. HuyR - Y√äU EM CH·∫≤NG MU·ªêN N√ìI RA (Y√äU EM CMNR) OFFICAL MV,2 July 2019,"241,467","1,272",25,None
993,N√©p V√†o Anh V√† Nghe Anh H√°t,23 December 2018,"175,502","1,403",32,None
994,KANNA - BOON Silhouette („Ç∑„É´„Ç®„ÉÉ„Éà) (Naruto Shippuden Op.16) (Cover By Uji),14 April 2016,"11,952",117,4,None
995,DAOKO x Kenshi Yonezu Á±≥Ê¥• ÁéÑÂ∏´ - Uchiage Hanabi OST (Êâì‰∏äËä±ÁÅ´),19 September 2017,"1,649,271",18.8K,457,Pop
996,i'm tired of feeling this way (prod. elijah who),13 September 2018,"62,256",756,30,None
997,mu·ªën iem l√† c·ª•a zi√™ng m√¨nk - feat. n√¢n. (Live),4 February 2018,"1,380,279",17.1K,984,Indie
998,mashup em l√† c·ªßa ri√™ng m√¨nh & t√¨nh ƒë·∫Øng nh∆∞ ly c√† ph√™ - n√¢n ft Ng∆°,17 June 2018,"176,848","2,235",105,None
999,"Wxrdie - THE PARTY NEVER ENDS ft.PrettyXIX , 2PILLZ (pacman flip)",20 April 2020,"309,093","2,608",100,None
